Unnamed: 0,regionno,regionname,year,gdpcap,sec.agriculture,sec.energy,sec.industry,sec.construction,sec.services.venta,sec.services.nonventa,school.illit,school.prim,school.med,school.high,school.post.high,popdens,invest
1,1,Spain (Espana),1955,2.35454163800577,,,,,,,,,,,,,
2,1,Spain (Espana),1956,2.48014858129262,,,,,,,,,,,,,
3,1,Spain (Espana),1957,2.6036131487543703,,,,,,,,,,,,,
4,1,Spain (Espana),1958,2.63710359749335,,,,,,,,,,,,,
5,1,Spain (Espana),1959,2.6698801388777302,,,,,,,,,,,,,
6,1,Spain (Espana),1960,2.8699657502292903,,,,,,,,,,,,,
7,1,Spain (Espana),1961,3.04748635399651,19.5400009155273,4.71000003814697,26.4200000762939,6.26999998092651,36.6199989318848,6.44000005722046,,,,,,,
8,1,Spain (Espana),1962,3.27327916772663,,,,,,,,,,,,,
9,1,Spain (Espana),1963,3.49350193506375,19.0499992370605,4.30999994277954,26.0499992370605,6.82999992370605,38.0,5.76999998092651,,,,,,,
10,1,Spain (Espana),1964,3.600114279221,,,,,,,2863.2783203125,18679.095703125,1064.24572753906,359.745727539062,212.143417358398,,18.360183715820302
11,1,Spain (Espana),1965,3.7007998412284,16.1599998474121,4.30999994277954,27.010000228881804,7.639999866485599,38.4000015258789,6.48000001907349,2826.32153320312,18805.349609375,1129.03112792969,377.947143554688,218.0,,20.5730609893799
12,1,Spain (Espana),1966,3.82347902343192,,,,,,,2789.84204101562,18959.24609375,1201.23583984375,398.72537231445295,224.335403442383,,22.263000488281197
13,1,Spain (Espana),1967,3.93966025401783,14.119999885559098,4.1399998664856,26.739999771118196,7.67000007629395,39.569999694824205,7.7600002288818395,2753.83325195312,19178.095703125,1285.103515625,422.267883300781,231.975006103516,,22.634765625
14,1,Spain (Espana),1968,4.17373600567249,,,,,,,2718.2890625,19319.001953125,1487.38073730469,447.32107543945295,236.050003051758,,23.112615585327102
15,1,Spain (Espana),1969,4.41052573846089,12.8100004196167,4.13000011444092,26.7700004577637,7.84000015258789,40.060001373291,8.39000034332275,2683.20385742188,19459.55859375,1696.14685058594,474.941162109375,252.25,66.33999633789061,23.8235015869141
16,1,Spain (Espana),1970,4.591688228586481,,,,,,,,,,,,,23.4512672424316
17,1,Spain (Espana),1971,4.7690658765464295,,,,,,,,,,,,,21.700725555419897
18,1,Spain (Espana),1972,5.074264321521981,,,,,,,,,,,,,23.083499908447298
19,1,Spain (Espana),1973,5.3735362022681,,,,,,,,,,,,,24.4110679626465
20,1,Spain (Espana),1974,5.506783654028539,,,,,,,,,,,,,25.054624557495103
21,1,Spain (Espana),1975,5.632604813105849,,,,,,,,,,,,,23.150329589843803
22,1,Spain (Espana),1976,5.69744355267915,,,,,,,,,,,,,22.437141418457
23,1,Spain (Espana),1977,5.75949726905594,,,,,,,,,,,,,21.735496520996104
24,1,Spain (Espana),1978,5.71665236759921,,,,,,,,,,,,,21.0691146850586
25,1,Spain (Espana),1979,5.68723223679953,,,,,,,,,,,,,20.0666217803955
26,1,Spain (Espana),1980,5.710796845432559,,,,,,,,,,,,,19.9076251983643
27,1,Spain (Espana),1981,5.759925700636869,,,,,,,,,,,,,19.1218509674072
28,1,Spain (Espana),1982,5.82526434969473,,,,,,,,,,,,,19.204309463501
29,1,Spain (Espana),1983,5.89353054191548,,,,,,,,,,,,,18.4446907043457
30,1,Spain (Espana),1984,6.00421320401202,,,,,,,,,,,,,16.782161712646502
31,1,Spain (Espana),1985,6.11639515872139,,,,,,,,,,,,,17.4106369018555
32,1,Spain (Espana),1986,6.49650113918345,,,,,,,,,,,,,17.960134506225604
33,1,Spain (Espana),1987,6.87817745432109,,,,,,,,,,,,,19.2979774475098
34,1,Spain (Espana),1988,7.24293050409147,,,,,,,,,,,,,20.8252849578857
35,1,Spain (Espana),1989,7.60854041702371,,,,,,,,,,,,,22.475641250610398
36,1,Spain (Espana),1990,7.79491556402412,,,,,,,,,,,,,23.356416702270497
37,1,Spain (Espana),1991,7.9784350816061504,,,,,,,,,,,,,23.146408081054698
38,1,Spain (Espana),1992,7.83490396438071,,,,,,,,,,,,,22.4360275268555
39,1,Spain (Espana),1993,7.692087626191619,,,,,,,,,,,,,20.3748607635498
40,1,Spain (Espana),1994,7.88988877759256,,,,,,,,,,,,,20.2575531005859
41,1,Spain (Espana),1995,8.0948298742212,,,,,,,,,,,,,21.206729888915998
42,1,Spain (Espana),1996,8.32404992267834,,,,,,,,,,,,,
43,1,Spain (Espana),1997,8.670379542786879,,,,,,,,,,,,,
44,2,Andalucia,1955,1.68873183014256,,,,,,,,,,,,,
45,2,Andalucia,1956,1.75849753289657,,,,,,,,,,,,,
46,2,Andalucia,1957,1.8276206972393998,,,,,,,,,,,,,
47,2,Andalucia,1958,1.85275629430933,,,,,,,,,,,,,
48,2,Andalucia,1959,1.87803484718652,,,,,,,,,,,,,
49,2,Andalucia,1960,2.0101399600114296,,,,,,,,,,,,,
50,2,Andalucia,1961,2.12917747377702,27.719999313354503,2.77999997138977,18.4500007629395,6.96999979019165,36.6300010681152,7.449999809265139,,,,,,,
51,2,Andalucia,1962,2.28034844571473,,,,,,,,,,,,,
52,2,Andalucia,1963,2.43101972608831,27.1299991607666,2.5499999523162797,18.1000003814697,7.73000001907349,37.6699981689453,6.82000017166138,,,,,,,
53,2,Andalucia,1964,2.50885458681727,,,,,,,924.4030151367191,3028.12719726562,129.512100219727,48.9593620300293,24.9379730224609,,17.401494979858402
54,2,Andalucia,1965,2.5846900275284104,24.5200004577637,2.6500000953674303,18.1800003051758,8.550000190734862,38.319999694824205,7.78000020980835,899.348999023438,3036.81640625,136.179748535156,51.777217864990206,25.7527732849121,,18.3089637756348
55,2,Andalucia,1966,2.69444434855945,,,,,,,874.7876586914059,3049.4423828125,143.5947265625,54.983226776123,26.631202697753896,,18.4299926757812
56,2,Andalucia,1967,2.8023422053799396,21.8700008392334,2.6500000953674303,18.2199993133545,8.53999996185303,39.0800018310547,9.64999961853027,850.710571289062,3072.63598632812,152.235733032227,58.610378265380895,27.6725540161133,,19.115657806396502
57,2,Andalucia,1968,2.98736079765435,,,,,,,827.109252929688,3086.955078125,174.595489501953,62.4910278320312,28.295471191406197,,20.608486175537102
58,2,Andalucia,1969,3.17909177525729,19.729999542236303,3.24000000953674,18.4300003051758,8.85999965667725,39.22999954223629,10.520000457763699,803.975463867188,3100.572265625,197.274108886719,66.7777633666992,30.383569717407198,68.5100021362305,22.055589675903303
59,2,Andalucia,1970,3.35432726531259,,,,,,,,,,,,,23.313762664794897
60,2,Andalucia,1971,3.52292206586344,,,,,,,,,,,,,22.317508697509798
61,2,Andalucia,1972,3.75621265018031,,,,,,,,,,,,,22.1272926330566
62,2,Andalucia,1973,3.98771781234937,,,,,,,,,,,,,21.8019485473633
63,2,Andalucia,1974,4.05184220872719,,,,,,,,,,,,,23.646896362304698
64,2,Andalucia,1975,4.11218219878026,,,,,,,,,,,,,22.7574157714844
65,2,Andalucia,1976,4.22179356400403,,,,,,,,,,,,,21.5302619934082
66,2,Andalucia,1977,4.3316908408423505,,,,,,,,,,,,,18.8983554840088
67,2,Andalucia,1978,4.3051986890464295,,,,,,,,,,,,,19.8129272460938
68,2,Andalucia,1979,4.226935178816101,,,,,,,,,,,,,19.6916809082031
69,2,Andalucia,1980,4.21151120606166,,,,,,,,,,,,,20.9232215881348
70,2,Andalucia,1981,4.20701245654143,,,,,,,,,,,,,21.8307266235352
71,2,Andalucia,1982,4.24907153689906,,,,,,,,,,,,,22.185377120971697
72,2,Andalucia,1983,4.29163096258212,,,,,,,,,,,,,21.1268634796143
73,2,Andalucia,1984,4.3586833379637095,,,,,,,,,,,,,19.9248065948486
74,2,Andalucia,1985,4.42659257650716,,,,,,,,,,,,,20.382495880127
75,2,Andalucia,1986,4.66323891764741,,,,,,,,,,,,,19.3726501464844
76,2,Andalucia,1987,4.90067107988677,,,,,,,,,,,,,20.4932041168213
77,2,Andalucia,1988,5.15959717075813,,,,,,,,,,,,,23.358566284179698
78,2,Andalucia,1989,5.41773787637126,,,,,,,,,,,,,25.7622928619385
79,2,Andalucia,1990,5.585261162128901,,,,,,,,,,,,,28.3183250427246
80,2,Andalucia,1991,5.74921447527269,,,,,,,,,,,,,26.49245262146
81,2,Andalucia,1992,5.64124535846901,,,,,,,,,,,,,24.318729400634798
82,2,Andalucia,1993,5.53491849008542,,,,,,,,,,,,,21.183673858642603
83,2,Andalucia,1994,5.638817288949809,,,,,,,,,,,,,20.268390655517603
84,2,Andalucia,1995,5.72072268553851,,,,,,,,,,,,,22.1725749969482
85,2,Andalucia,1996,5.9959296123261705,,,,,,,,,,,,,
86,2,Andalucia,1997,6.300985537335321,,,,,,,,,,,,,
87,3,Aragon,1955,2.28877455736698,,,,,,,,,,,,,
88,3,Aragon,1956,2.44515862202038,,,,,,,,,,,,,
89,3,Aragon,1957,2.60339893296391,,,,,,,,,,,,,
90,3,Aragon,1958,2.63903175752798,,,,,,,,,,,,,
91,3,Aragon,1959,2.67709221577038,,,,,,,,,,,,,
92,3,Aragon,1960,2.8814623608517005,,,,,,,,,,,,,
93,3,Aragon,1961,3.0995429702841606,25.0699996948242,6.90999984741211,21.6599998474121,6.800000190734861,32.8499984741211,6.71000003814697,,,,,,,
94,3,Aragon,1962,3.3591831864305495,,,,,,,,,,,,,
95,3,Aragon,1963,3.61418169724945,25.3400001525879,6.07999992370605,21.7299995422363,7.53000020980835,33.3499984741211,5.96000003814697,,,,,,,
96,3,Aragon,1964,3.68009129785463,,,,,,,77.6694641113281,722.28515625,36.2118072509766,14.2490568161011,8.3411340713501,,21.2724781036377
97,3,Aragon,1965,3.7452869911052202,21.020000457763697,6.26999998092651,23.600000381469698,8.28999996185303,34.2299995422363,6.599999904632571,75.8038024902344,723.77685546875,38.2993583679199,14.8717565536499,8.45247268676758,,22.767896652221697
98,3,Aragon,1966,3.88331910400042,,,,,,,73.9733581542969,726.22314453125,40.6244239807129,15.5857191085815,8.57572555541992,,21.4764251708984
99,3,Aragon,1967,4.01613812417992,18.479999542236303,6.07999992370605,23.3799991607666,8.43000030517578,35.709999084472706,7.92999982833862,72.1775436401367,730.974853515625,43.327762603759794,16.3962135314941,8.74120998382568,,19.729175567627
100,3,Aragon,1968,4.24364488215421,,,,,,,70.41575622558591,733.1019897460941,49.993724822998,17.2527370452881,8.76598262786865,,20.584880828857397
101,3,Aragon,1969,4.47622090535517,18.7199993133545,6.050000190734861,23.530000686645497,8.10999965667725,35.310001373291,8.27999973297119,68.6874313354492,735.111572265625,56.8352546691895,18.1945724487305,9.22996997833252,24.0400009155273,23.6340599060059
102,3,Aragon,1970,4.5962580201694605,,,,,,,,,,,,,24.9269580841064
103,3,Aragon,1971,4.72372186350775,,,,,,,,,,,,,22.161314010620103
104,3,Aragon,1972,5.00128538191097,,,,,,,,,,,,,21.9001197814941
105,3,Aragon,1973,5.28349060564169,,,,,,,,,,,,,22.707145690918
106,3,Aragon,1974,5.44237378187705,,,,,,,,,,,,,25.394905090332
107,3,Aragon,1975,5.600971046497881,,,,,,,,,,,,,25.422359466552702
108,3,Aragon,1976,5.73657508987388,,,,,,,,,,,,,26.061880111694304
109,3,Aragon,1977,5.86639552482773,,,,,,,,,,,,,22.859992980957
110,3,Aragon,1978,5.925021352716191,,,,,,,,,,,,,21.286657333374
111,3,Aragon,1979,5.95279923509578,,,,,,,,,,,,,20.492244720459002
112,3,Aragon,1980,5.9747215953087105,,,,,,,,,,,,,20.729803085327102
113,3,Aragon,1981,6.011139587210571,,,,,,,,,,,,,20.8206253051758
114,3,Aragon,1982,6.1336047715440705,,,,,,,,,,,,,26.4890670776367
115,3,Aragon,1983,6.26085418117145,,,,,,,,,,,,,17.5623760223389
116,3,Aragon,1984,6.372893615914429,,,,,,,,,,,,,18.1013278961182
117,3,Aragon,1985,6.495501320214309,,,,,,,,,,,,,19.533239364624
118,3,Aragon,1986,6.92652092426717,,,,,,,,,,,,,18.325876235961896
119,3,Aragon,1987,7.358611825192799,,,,,,,,,,,,,19.5995044708252
120,3,Aragon,1988,7.80277028828817,,,,,,,,,,,,,20.0823040008545
121,3,Aragon,1989,8.242645307255959,,,,,,,,,,,,,22.157751083374
122,3,Aragon,1990,8.45829762924879,,,,,,,,,,,,,22.210424423217802
123,3,Aragon,1991,8.6682378207231,,,,,,,,,,,,,22.0179557800293
124,3,Aragon,1992,8.46686626086743,,,,,,,,,,,,,22.865404129028303
125,3,Aragon,1993,8.25692694107487,,,,,,,,,,,,,21.5592422485352
126,3,Aragon,1994,8.57397851450925,,,,,,,,,,,,,21.9211864471436
127,3,Aragon,1995,8.84675824345946,,,,,,,,,,,,,20.6667442321777
128,3,Aragon,1996,9.09668683529036,,,,,,,,,,,,,
129,3,Aragon,1997,9.51870894030277,,,,,,,,,,,,,
130,4,Principado De Asturias,1955,2.50292780466742,,,,,,,,,,,,,
131,4,Principado De Asturias,1956,2.61553840887816,,,,,,,,,,,,,
132,4,Principado De Asturias,1957,2.72579263939377,,,,,,,,,,,,,
133,4,Principado De Asturias,1958,2.7518565775291903,,,,,,,,,,,,,
134,4,Principado De Asturias,1959,2.77742082410048,,,,,,,,,,,,,
135,4,Principado De Asturias,1960,2.96729511957242,,,,,,,,,,,,,
136,4,Principado De Asturias,1961,3.1438873822741495,14.119999885559098,21.3600006103516,22.0799999237061,9.02999973297119,28.4599990844727,4.949999809265139,,,,,,,
137,4,Principado De Asturias,1962,3.37353608023266,,,,,,,,,,,,,
138,4,Principado De Asturias,1963,3.59725799604131,15.1700000762939,19.0400009155273,22.3600006103516,8.96000003814697,29.7099990844727,4.769999980926509,,,,,,,
139,4,Principado De Asturias,1964,3.67259352726788,,,,,,,29.012674331665,668.60009765625,37.5539970397949,12.838385581970199,5.938287734985349,,21.048454284668
140,4,Principado De Asturias,1965,3.74335883107059,12.1000003814697,18.4699993133545,24.4099998474121,9.5600004196167,30.030000686645497,5.42999982833862,30.044288635253896,668.96533203125,39.887912750244105,13.502683639526401,6.10620307922363,,22.6595020294189
141,4,Principado De Asturias,1966,3.9093828242154,,,,,,,31.0444412231445,670.01220703125,42.4897613525391,14.2605600357056,6.28775262832642,,22.340934753418
142,4,Principado De Asturias,1967,4.07312213948916,10.5600004196167,18.3099994659424,24.7999992370605,8.68000030517578,31.1700000762939,6.48000001907349,32.013767242431605,672.922668457031,45.5107574462891,15.119030952453599,6.50611162185669,,21.4814567565918
143,4,Principado De Asturias,1968,4.30862614169389,,,,,,,32.9529037475586,672.704772949219,52.7372436523438,16.0334854125977,6.62471008300781,,23.0380535125732
144,4,Principado De Asturias,1969,4.5497001902916105,9.85999965667725,16.0599994659424,26.9799995422363,8.80000019073486,31.3899993896484,6.90999984741211,33.8624610900879,672.251281738281,60.211219787597706,17.0420017242432,7.08396434783936,98.73999786376949,26.0494537353516
145,4,Principado De Asturias,1970,4.631605151039441,,,,,,,,,,,,,23.937179565429698
146,4,Principado De Asturias,1971,4.69965734539016,,,,,,,,,,,,,21.747863769531197
147,4,Principado De Asturias,1972,5.02256487683207,,,,,,,,,,,,,21.0096817016602
148,4,Principado De Asturias,1973,5.34561536408124,,,,,,,,,,,,,22.8314018249512
149,4,Principado De Asturias,1974,5.50249933821921,,,,,,,,,,,,,24.347826004028303
150,4,Principado De Asturias,1975,5.65195658383319,,,,,,,,,,,,,23.0620956420898
151,4,Principado De Asturias,1976,5.59225945907196,,,,,,,,,,,,,20.9734210968018
152,4,Principado De Asturias,1977,5.53870333225105,,,,,,,,,,,,,22.2392463684082
153,4,Principado De Asturias,1978,5.61461025086582,,,,,,,,,,,,,19.3666744232178
154,4,Principado De Asturias,1979,5.704298893814941,,,,,,,,,,,,,18.1282520294189
155,4,Principado De Asturias,1980,5.79698655783058,,,,,,,,,,,,,16.1302757263184
156,4,Principado De Asturias,1981,5.935661100176739,,,,,,,,,,,,,15.483533859252901
157,4,Principado De Asturias,1982,5.84975729939325,,,,,,,,,,,,,17.848123550415
158,4,Principado De Asturias,1983,5.769066155484589,,,,,,,,,,,,,17.3350830078125
159,4,Principado De Asturias,1984,5.887318066071519,,,,,,,,,,,,,15.7501068115234
160,4,Principado De Asturias,1985,6.01128254301784,,,,,,,,,,,,,16.3055534362793
161,4,Principado De Asturias,1986,6.23479002511559,,,,,,,,,,,,,19.2548580169678
162,4,Principado De Asturias,1987,6.4652958041564,,,,,,,,,,,,,21.5103187561035
163,4,Principado De Asturias,1988,6.68816042096231,,,,,,,,,,,,,21.1311721801758
164,4,Principado De Asturias,1989,6.913524585191059,,,,,,,,,,,,,20.3636207580566
165,4,Principado De Asturias,1990,6.98314755005824,,,,,,,,,,,,,22.212276458740202
166,4,Principado De Asturias,1991,7.0406310390111795,,,,,,,,,,,,,23.6604309082031
167,4,Principado De Asturias,1992,6.92280756000518,,,,,,,,,,,,,20.540019989013697
168,4,Principado De Asturias,1993,6.79834317357429,,,,,,,,,,,,,18.5378379821777
169,4,Principado De Asturias,1994,6.95415585083949,,,,,,,,,,,,,18.6073780059814
170,4,Principado De Asturias,1995,7.11646691556319,,,,,,,,,,,,,18.4219799041748
171,4,Principado De Asturias,1996,7.21722373755378,,,,,,,,,,,,,
172,4,Principado De Asturias,1997,7.475721396844209,,,,,,,,,,,,,
173,5,Baleares (Islas),1955,3.1439588601777797,,,,,,,,,,,,,
174,5,Baleares (Islas),1956,3.34775783579134,,,,,,,,,,,,,
175,5,Baleares (Islas),1957,3.5496286513702597,,,,,,,,,,,,,
176,5,Baleares (Islas),1958,3.64267348698363,,,,,,,,,,,,,
177,5,Baleares (Islas),1959,3.7348616773555805,,,,,,,,,,,,,
178,5,Baleares (Islas),1960,4.0588405056702594,,,,,,,,,,,,,
179,5,Baleares (Islas),1961,4.36025410848017,16.3400001525879,2.14000010490417,22.1599998474121,7.05999994277954,45.380001068115206,6.92999982833862,,,,,,,
180,5,Baleares (Islas),1962,4.646172696472879,,,,,,,,,,,,,
181,5,Baleares (Islas),1963,4.91152526105822,15.8000001907349,1.9400000572204599,20.090000152587898,8.14999961853027,48.290000915527294,5.73000001907349,,,,,,,
182,5,Baleares (Islas),1964,5.05069971288895,,,,,,,48.078617095947294,294.38134765625,14.7882413864136,5.30359840393066,3.35199999809265,,14.179034233093299
183,5,Baleares (Islas),1965,5.184661507844861,12.5100002288818,2.14000010490417,18.7900009155273,8.88000011444092,52.0999984741211,5.57999992370605,48.017120361328104,296.678833007812,16.258171081543,5.51208782196045,3.4664685726165803,,19.0025005340576
184,5,Baleares (Islas),1966,5.466795253671941,,,,,,,47.9492034912109,299.291717529297,17.904066085815398,5.75198602676392,3.5897774696350098,,26.2534103393555
185,5,Baleares (Islas),1967,5.73764638674664,11.0100002288818,2.11999988555908,16.5300006866455,8.60000038146973,54.779998779296896,6.96000003814697,47.875038146972706,302.80609130859403,19.802547454834002,6.02474308013916,3.7353618144989,,29.701530456543
186,5,Baleares (Islas),1968,6.16145369598642,,,,,,,47.7947998046875,304.936309814453,23.6700248718262,6.31135892868042,3.8247258663177504,,30.761695861816396
187,5,Baleares (Islas),1969,6.58169103261233,9.98999977111816,2.03999996185303,13.720000267028801,8.77999973297119,58.209999084472706,7.26999998092651,47.708656311035206,306.78741455078097,27.848173141479503,6.62585115432739,4.11259126663208,104.16999816894501,26.752099990844698
188,5,Baleares (Islas),1970,6.8870324333951505,,,,,,,,,,,,,26.4437465667725
189,5,Baleares (Islas),1971,7.16866626973767,,,,,,,,,,,,,23.7412166595459
190,5,Baleares (Islas),1972,7.5706937387309,,,,,,,,,,,,,23.8075218200684
191,5,Baleares (Islas),1973,7.95629785184144,,,,,,,,,,,,,23.1038875579834
192,5,Baleares (Islas),1974,7.97272207940588,,,,,,,,,,,,,23.3105583190918
193,5,Baleares (Islas),1975,7.9741498941150795,,,,,,,,,,,,,22.3685703277588
194,5,Baleares (Islas),1976,8.03484683784544,,,,,,,,,,,,,19.8859233856201
195,5,Baleares (Islas),1977,8.080548240402301,,,,,,,,,,,,,18.087942123413104
196,5,Baleares (Islas),1978,8.041987654754891,,,,,,,,,,,,,17.650239944458
197,5,Baleares (Islas),1979,8.00485575549843,,,,,,,,,,,,,17.838848114013697
198,5,Baleares (Islas),1980,8.25978257049325,,,,,,,,,,,,,18.2605838775635
199,5,Baleares (Islas),1981,8.53113361305252,,,,,,,,,,,,,14.8526191711426
200,5,Baleares (Islas),1982,8.7225078548986,,,,,,,,,,,,,13.5585250854492
201,5,Baleares (Islas),1983,8.92530722946346,,,,,,,,,,,,,11.621108055114698
202,5,Baleares (Islas),1984,9.275921165381321,,,,,,,,,,,,,10.135469436645499
203,5,Baleares (Islas),1985,9.652241867836869,,,,,,,,,,,,,11.3290481567383
204,5,Baleares (Islas),1986,10.2577834904313,,,,,,,,,,,,,16.519567489624
205,5,Baleares (Islas),1987,10.8233358409874,,,,,,,,,,,,,21.2754974365234
206,5,Baleares (Islas),1988,11.1203945217661,,,,,,,,,,,,,25.113958358764602
207,5,Baleares (Islas),1989,11.408168920208098,,,,,,,,,,,,,24.8808898925781
208,5,Baleares (Islas),1990,11.5124246727498,,,,,,,,,,,,,23.360876083374
209,5,Baleares (Islas),1991,11.679519962767301,,,,,,,,,,,,,20.807407379150398
210,5,Baleares (Islas),1992,11.3196226161945,,,,,,,,,,,,,18.028039932251
211,5,Baleares (Islas),1993,10.9697225876312,,,,,,,,,,,,,14.9990978240967
212,5,Baleares (Islas),1994,11.4195940529268,,,,,,,,,,,,,17.089862823486303
213,5,Baleares (Islas),1995,11.7737792689812,,,,,,,,,,,,,17.896915435790998
214,5,Baleares (Islas),1996,11.9265920534981,,,,,,,,,,,,,
215,5,Baleares (Islas),1997,12.3500428449015,,,,,,,,,,,,,
216,6,Canarias,1955,1.9143815791051901,,,,,,,,,,,,,
217,6,Canarias,1956,2.07183672271092,,,,,,,,,,,,,
218,6,Canarias,1957,2.22607819361879,,,,,,,,,,,,,
219,6,Canarias,1958,2.22086553674397,,,,,,,,,,,,,
220,6,Canarias,1959,2.2134390261404104,,,,,,,,,,,,,
221,6,Canarias,1960,2.3576836148795697,,,,,,,,,,,,,
222,6,Canarias,1961,2.4457297914881497,26.2099990844727,9.53999996185303,9.78999996185303,6.17999982833862,40.22999954223629,8.060000419616701,,,,,,,
223,6,Canarias,1962,2.64824325443846,,,,,,,,,,,,,
224,6,Canarias,1963,2.84475867525573,23.9099998474121,8.42000007629395,9.85000038146973,6.80999994277954,43.9900016784668,7.01999998092651,,,,,,,
225,6,Canarias,1964,2.95115680362251,,,,,,,134.97756958007798,505.94259643554705,33.264656066894496,10.270918846130401,5.27583169937134,,17.0259399414062
226,6,Canarias,1965,3.05419873932504,19.4300003051758,8.0,10.0500001907349,8.68000030517578,46.1500015258789,7.699999809265139,132.24661254882798,512.223693847656,36.6822166442871,10.887195587158198,5.4749860763549805,,20.9989643096924
227,6,Canarias,1966,3.2317908209959,,,,,,,129.56369018554702,518.962585449219,40.5098114013672,11.587664604187,5.68915796279907,,26.6728916168213
228,6,Canarias,1967,3.40338464261327,16.1800003051758,6.92000007629395,9.829999923706051,10.3999996185303,47.0900001525879,9.59000015258789,126.92797088623001,527.237548828125,44.923221588134794,12.379798889160199,5.93983459472656,,30.120325088501
229,6,Canarias,1968,3.66031153138724,,,,,,,124.338722229004,532.043151855469,53.8288078308105,13.2286462783813,6.10211324691772,,32.150463104248
230,6,Canarias,1969,3.91288219060737,13.9899997711182,6.21000003814697,9.5600004196167,11.279999732971199,48.9300003051758,10.039999961853,121.79515838623001,536.16015625,63.476222991943395,14.1668691635132,6.5828104019165,148.25,28.756898880004897
231,6,Canarias,1970,4.22493554087783,,,,,,,,,,,,,23.9603977203369
232,6,Canarias,1971,4.49357347398511,,,,,,,,,,,,,23.423873901367198
233,6,Canarias,1972,4.781919259815281,,,,,,,,,,,,,27.6821231842041
234,6,Canarias,1973,5.054912986635519,,,,,,,,,,,,,26.5648536682129
235,6,Canarias,1974,4.967794933172,,,,,,,,,,,,,23.0051422119141
236,6,Canarias,1975,4.88153374287034,,,,,,,,,,,,,20.599346160888697
237,6,Canarias,1976,4.94844316244466,,,,,,,,,,,,,18.8343353271484
238,6,Canarias,1977,5.0079262893358605,,,,,,,,,,,,,20.2992210388184
239,6,Canarias,1978,5.0409168285902695,,,,,,,,,,,,,19.8448696136475
240,6,Canarias,1979,5.23350488727551,,,,,,,,,,,,,18.7241382598877
241,6,Canarias,1980,5.43708921125772,,,,,,,,,,,,,18.553279876709002
242,6,Canarias,1981,5.65824053758078,,,,,,,,,,,,,16.641674041748
243,6,Canarias,1982,5.68730371470317,,,,,,,,,,,,,16.3411331176758
244,6,Canarias,1983,5.71986582237664,,,,,,,,,,,,,14.9887752532959
245,6,Canarias,1984,5.80134235154353,,,,,,,,,,,,,15.761590003967301
246,6,Canarias,1985,5.88560390390692,,,,,,,,,,,,,19.1585693359375
247,6,Canarias,1986,6.25678386323216,,,,,,,,,,,,,19.649713516235398
248,6,Canarias,1987,6.612681933928481,,,,,,,,,,,,,20.7193813323975
249,6,Canarias,1988,6.97700655211792,,,,,,,,,,,,,24.314439773559602
250,6,Canarias,1989,7.33790328181903,,,,,,,,,,,,,25.859371185302702
251,6,Canarias,1990,7.34504409872849,,,,,,,,,,,,,25.5112228393555
252,6,Canarias,1991,7.34718669247403,,,,,,,,,,,,,22.896217346191396
253,6,Canarias,1992,7.22007980281304,,,,,,,,,,,,,20.1320972442627
254,6,Canarias,1993,7.09218796373469,,,,,,,,,,,,,17.6260604858398
255,6,Canarias,1994,7.410740137304519,,,,,,,,,,,,,19.9668464660645
256,6,Canarias,1995,7.61639514128776,,,,,,,,,,,,,19.6725215911865
257,6,Canarias,1996,7.817051922107081,,,,,,,,,,,,,
258,6,Canarias,1997,8.06055447606487,,,,,,,,,,,,,
259,7,Cantabria,1955,2.5594116925716497,,,,,,,,,,,,,
260,7,Cantabria,1956,2.6938731790916903,,,,,,,,,,,,,
261,7,Cantabria,1957,2.8203369855404,,,,,,,,,,,,,
262,7,Cantabria,1958,2.8790345092529397,,,,,,,,,,,,,
263,7,Cantabria,1959,2.9437302930189597,,,,,,,,,,,,,
264,7,Cantabria,1960,3.1370322590588,,,,,,,,,,,,,
265,7,Cantabria,1961,3.32762067980577,16.7099990844727,3.1800000667572004,37.9199981689453,5.619999885559079,31.6800003051758,4.90000009536743,,,,,,,
266,7,Cantabria,1962,3.55534143565008,,,,,,,,,,,,,
267,7,Cantabria,1963,3.7714226250647096,18.2399997711182,2.9400000572204603,36.180000305175795,5.75,32.5999984741211,4.28999996185303,,,,,,,
268,7,Cantabria,1964,3.83940290567092,,,,,,,9.68474006652832,284.568359375,20.741380691528303,6.54473781585693,2.7377266883850098,,25.9189758300781
269,7,Cantabria,1965,3.90609832737521,16.2099990844727,2.77999997138977,36.75,6.28999996185303,33.240001678466804,4.73999977111816,9.56692123413086,286.330200195312,21.5585098266602,6.80100536346436,2.78703331947327,,28.1631698608398
270,7,Cantabria,1966,4.03213348432256,,,,,,,9.45053100585938,288.415008544922,22.4632587432861,7.09592056274414,2.84099197387695,,29.719242095947298
271,7,Cantabria,1967,4.15595544130248,14.970000267028801,2.6900000572204603,35.8699989318848,6.17999982833862,34.580001831054695,5.71999979019165,9.335551261901859,291.33538818359403,23.524522781372102,7.431251049041751,2.90978312492371,,28.967601776123
272,7,Cantabria,1968,4.37589251494551,,,,,,,9.221964836120609,292.683197021484,26.6404342651367,7.78354120254517,2.9324495792388903,,29.9379234313965
273,7,Cantabria,1969,4.61082556560291,13.479999542236301,2.8800001144409197,35.930000305175795,6.03999996185303,35.319999694824205,6.34000015258789,9.10975551605225,294.098236083984,29.710376739502,8.17006301879883,3.1033015251159703,87.3899993896484,31.7203559875488
274,7,Cantabria,1970,4.7914166683402994,,,,,,,,,,,,,27.297681808471697
275,7,Cantabria,1971,4.96965161530299,,,,,,,,,,,,,24.146263122558604
276,7,Cantabria,1972,5.1553843328524405,,,,,,,,,,,,,26.6463279724121
277,7,Cantabria,1973,5.33876045878633,,,,,,,,,,,,,25.9357929229736
278,7,Cantabria,1974,5.50835486038587,,,,,,,,,,,,,27.2517414093018
279,7,Cantabria,1975,5.6752357166925504,,,,,,,,,,,,,25.4183330535889
280,7,Cantabria,1976,5.796058216765079,,,,,,,,,,,,,23.322269439697298
281,7,Cantabria,1977,5.902956472536861,,,,,,,,,,,,,21.7218837738037
282,7,Cantabria,1978,5.91659524106394,,,,,,,,,,,,,20.854923248290998
283,7,Cantabria,1979,5.906455403087961,,,,,,,,,,,,,19.3349609375
284,7,Cantabria,1980,5.8991001524676,,,,,,,,,,,,,19.4796085357666
285,7,Cantabria,1981,5.91488151474021,,,,,,,,,,,,,23.029748916626
286,7,Cantabria,1982,5.916880716837599,,,,,,,,,,,,,20.2042331695557
287,7,Cantabria,1983,5.941659578150659,,,,,,,,,,,,,18.771089553833
288,7,Cantabria,1984,6.02884910951782,,,,,,,,,,,,,18.2284927368164
289,7,Cantabria,1985,6.13831751893432,,,,,,,,,,,,,19.6516265869141
290,7,Cantabria,1986,6.42045126476141,,,,,,,,,,,,,17.644136428833
291,7,Cantabria,1987,6.71322475804904,,,,,,,,,,,,,20.1474628448486
292,7,Cantabria,1988,7.023421862029379,,,,,,,,,,,,,20.374563217163104
293,7,Cantabria,1989,7.33361896600971,,,,,,,,,,,,,22.8378524780273
294,7,Cantabria,1990,7.45072853766112,,,,,,,,,,,,,22.030084609985398
295,7,Cantabria,1991,7.5964013769503405,,,,,,,,,,,,,20.6100959777832
296,7,Cantabria,1992,7.46215367037989,,,,,,,,,,,,,21.6292610168457
297,7,Cantabria,1993,7.3279059638094495,,,,,,,,,,,,,23.0652160644531
298,7,Cantabria,1994,7.550699974393481,,,,,,,,,,,,,21.568395614624
299,7,Cantabria,1995,7.77706352175048,,,,,,,,,,,,,22.591121673584
300,7,Cantabria,1996,7.9077408198662,,,,,,,,,,,,,
301,7,Cantabria,1997,8.22693498704611,,,,,,,,,,,,,
302,8,Castilla Y Leon,1955,1.72914877104031,,,,,,,,,,,,,
303,8,Castilla Y Leon,1956,1.8383319226035901,,,,,,,,,,,,,
304,8,Castilla Y Leon,1957,1.9476578120537,,,,,,,,,,,,,
305,8,Castilla Y Leon,1958,1.97136537649399,,,,,,,,,,,,,
306,8,Castilla Y Leon,1959,1.99514420091748,,,,,,,,,,,,,
307,8,Castilla Y Leon,1960,2.13881740226844,,,,,,,,,,,,,
308,8,Castilla Y Leon,1961,2.23950296427583,32.5499992370605,9.01000022888184,16.0499992370605,6.17000007629395,29.1399993896484,7.07999992370605,,,,,,,
309,8,Castilla Y Leon,1962,2.45422738104403,,,,,,,,,,,,,
310,8,Castilla Y Leon,1963,2.67223651257286,33.2299995422363,8.17000007629395,15.75,6.639999866485599,29.7099990844727,6.5,,,,,,,
311,8,Castilla Y Leon,1964,2.77777777777778,,,,,,,110.66909790039101,1800.78466796875,90.27098846435551,33.668914794921896,19.031759262085,,18.742832183837898
312,8,Castilla Y Leon,1965,2.88217648612673,30.5200004577637,7.849999904632571,16.3600006103516,7.369999885559079,30.6100006103516,7.28000020980835,108.557182312012,1784.6062011718802,93.0149154663086,35.0594444274902,19.0506000518799,,19.859060287475604
313,8,Castilla Y Leon,1966,2.98807492292939,,,,,,,106.48135375976601,1770.78649902344,96.0362777709961,36.656730651855504,19.082952499389602,,19.3095703125
314,8,Castilla Y Leon,1967,3.0945443112793702,27.0200004577637,7.2399997711181605,16.7600002288818,7.699999809265139,32.1300010681152,9.14999961853027,104.441024780273,1762.45178222656,99.6097412109375,38.4714508056641,19.193773269653303,,18.868968963623
315,8,Castilla Y Leon,1968,3.30227086694538,,,,,,,102.43562316894501,1748.35729980469,111.663963317871,40.38356399536129,18.982435226440398,,19.4028263092041
316,8,Castilla Y Leon,1969,3.5209939058288,25.2700004577637,6.82000017166138,17.4500007629395,7.84000015258789,32.6300010681152,9.98999977111816,100.464584350586,1734.5856933593802,123.20368957519501,42.4837989807129,19.699041366577102,28.7700004577637,21.7317962646484
317,8,Castilla Y Leon,1970,3.67052284726685,,,,,,,,,,,,,22.3235569000244
318,8,Castilla Y Leon,1971,3.8218367750118305,,,,,,,,,,,,,21.873647689819304
319,8,Castilla Y Leon,1972,4.081762249011439,,,,,,,,,,,,,22.7254333496094
320,8,Castilla Y Leon,1973,4.34540152311393,,,,,,,,,,,,,25.286424636840803
321,8,Castilla Y Leon,1974,4.4647242947327594,,,,,,,,,,,,,26.282775878906197
322,8,Castilla Y Leon,1975,4.581119523188691,,,,,,,,,,,,,26.2781448364258
323,8,Castilla Y Leon,1976,4.732719362548201,,,,,,,,,,,,,26.5485191345215
324,8,Castilla Y Leon,1977,4.8846757197441395,,,,,,,,,,,,,25.1691036224365
325,8,Castilla Y Leon,1978,4.94680091402457,,,,,,,,,,,,,24.4022541046143
326,8,Castilla Y Leon,1979,4.920379804291411,,,,,,,,,,,,,23.975700378418
327,8,Castilla Y Leon,1980,4.89374469668822,,,,,,,,,,,,,26.6389312744141
328,8,Castilla Y Leon,1981,4.88103383338577,,,,,,,,,,,,,27.1625480651855
329,8,Castilla Y Leon,1982,4.92309334958427,,,,,,,,,,,,,27.614774703979503
330,8,Castilla Y Leon,1983,4.970722476334889,,,,,,,,,,,,,25.461778640747102
331,8,Castilla Y Leon,1984,5.113467772461219,,,,,,,,,,,,,22.6302833557129
332,8,Castilla Y Leon,1985,5.26199667700969,,,,,,,,,,,,,24.710142135620103
333,8,Castilla Y Leon,1986,5.6473148785057,,,,,,,,,,,,,19.7041282653809
334,8,Castilla Y Leon,1987,6.04463003594955,,,,,,,,,,,,,19.089288711547898
335,8,Castilla Y Leon,1988,6.35439870834895,,,,,,,,,,,,,20.9405784606934
336,8,Castilla Y Leon,1989,6.67402174295067,,,,,,,,,,,,,22.784252166748
337,8,Castilla Y Leon,1990,6.87032273005704,,,,,,,,,,,,,23.4983215332031
338,8,Castilla Y Leon,1991,7.06319626451594,,,,,,,,,,,,,22.53342628479
339,8,Castilla Y Leon,1992,7.04548717804958,,,,,,,,,,,,,24.0742378234863
340,8,Castilla Y Leon,1993,7.027635135775941,,,,,,,,,,,,,21.9429492950439
341,8,Castilla Y Leon,1994,7.07426444355742,,,,,,,,,,,,,22.298885345459
342,8,Castilla Y Leon,1995,7.282919340288941,,,,,,,,,,,,,22.3803024291992
343,8,Castilla Y Leon,1996,7.61139691812384,,,,,,,,,,,,,
344,8,Castilla Y Leon,1997,7.88846009120162,,,,,,,,,,,,,
345,9,Castilla-La Mancha,1955,1.32776351357759,,,,,,,,,,,,,
346,9,Castilla-La Mancha,1956,1.41509567387136,,,,,,,,,,,,,
347,9,Castilla-La Mancha,1957,1.5035703910210902,,,,,,,,,,,,,
348,9,Castilla-La Mancha,1958,1.5314196423441002,,,,,,,,,,,,,
349,9,Castilla-La Mancha,1959,1.5593401536503,,,,,,,,,,,,,
350,9,Castilla-La Mancha,1960,1.66752359520466,,,,,,,,,,,,,
351,9,Castilla-La Mancha,1961,1.75242790389967,42.1300010681152,5.09000015258789,16.129999160766598,4.78999996185303,26.3899993896484,5.46999979019165,,,,,,,
352,9,Castilla-La Mancha,1962,1.9204513170623099,,,,,,,,,,,,,
353,9,Castilla-La Mancha,1963,2.09190240079285,41.540000915527294,4.57999992370605,16.2399997711182,5.1100001335144,27.3700008392334,5.15999984741211,,,,,,,
354,9,Castilla-La Mancha,1964,2.18259064479066,,,,,,,274.36865234375,1067.63903808594,26.89621925354,13.6807374954224,5.95148801803589,,14.950511932372999
355,9,Castilla-La Mancha,1965,2.27470713933854,35.060001373291,5.32000017166138,17.520000457763697,5.96999979019165,30.1299991607666,6.0,266.18316650390597,1052.43518066406,28.610898971557603,14.652714729309098,6.07189273834229,,16.5078983306885
356,9,Castilla-La Mancha,1966,2.3783919403329,,,,,,,258.163299560547,1038.83850097656,30.5229873657227,15.753448486328098,6.20317840576172,,17.8852577209473
357,9,Castilla-La Mancha,1967,2.4823622171009196,31.5799999237061,5.34999990463257,18.2000007629395,6.26999998092651,31.100000381469698,7.5,250.306091308594,1028.95056152344,32.7421226501465,16.996208190918,6.367713451385501,,18.6468353271484
358,9,Castilla-La Mancha,1968,2.7090831539761,,,,,,,242.608703613281,1017.6156005859401,37.9977378845215,18.335750579834002,6.43204116821289,,18.7182598114014
359,9,Castilla-La Mancha,1969,2.94744365728096,30.1200008392334,5.55999994277954,17.7999992370605,6.90999984741211,31.2000007629395,8.39999961853027,235.068328857422,1006.1373291015599,43.447292327880895,19.819503784179698,6.82267570495605,22.3799991607666,21.115375518798803
360,9,Castilla-La Mancha,1970,3.1368895211719603,,,,,,,,,,,,,22.894416809082
361,9,Castilla-La Mancha,1971,3.31962299973445,,,,,,,,,,,,,23.1898212432861
362,9,Castilla-La Mancha,1972,3.6291774563433905,,,,,,,,,,,,,23.915504455566396
363,9,Castilla-La Mancha,1973,3.94608672773181,,,,,,,,,,,,,27.1244258880615
364,9,Castilla-La Mancha,1974,4.0281346442869,,,,,,,,,,,,,26.9158058166504
365,9,Castilla-La Mancha,1975,4.11196820091023,,,,,,,,,,,,,26.213130950927702
366,9,Castilla-La Mancha,1976,4.26071110332874,,,,,,,,,,,,,25.093284606933604
367,9,Castilla-La Mancha,1977,4.412167986880981,,,,,,,,,,,,,25.308496475219698
368,9,Castilla-La Mancha,1978,4.44630086507092,,,,,,,,,,,,,26.2669353485107
369,9,Castilla-La Mancha,1979,4.4087405342335195,,,,,,,,,,,,,25.8906097412109
370,9,Castilla-La Mancha,1980,4.32876329767946,,,,,,,,,,,,,27.101608276367198
371,9,Castilla-La Mancha,1981,4.26128249071694,,,,,,,,,,,,,25.6895370483398
372,9,Castilla-La Mancha,1982,4.34318745146476,,,,,,,,,,,,,28.041284561157198
373,9,Castilla-La Mancha,1983,4.42466441647253,,,,,,,,,,,,,28.022920608520497
374,9,Castilla-La Mancha,1984,4.55005714396891,,,,,,,,,,,,,26.228910446167003
375,9,Castilla-La Mancha,1985,4.67766350727359,,,,,,,,,,,,,21.167423248290998
376,9,Castilla-La Mancha,1986,4.98064831644084,,,,,,,,,,,,,27.072576522827102
377,9,Castilla-La Mancha,1987,5.2955586036522995,,,,,,,,,,,,,27.375286102294897
378,9,Castilla-La Mancha,1988,5.67787778408178,,,,,,,,,,,,,28.907299041748
379,9,Castilla-La Mancha,1989,6.0653385793233205,,,,,,,,,,,,,28.87522315979
380,9,Castilla-La Mancha,1990,6.2794201307996795,,,,,,,,,,,,,27.884569168090803
381,9,Castilla-La Mancha,1991,6.47450730106688,,,,,,,,,,,,,29.4713535308838
382,9,Castilla-La Mancha,1992,6.330691143908661,,,,,,,,,,,,,29.3668060302734
383,9,Castilla-La Mancha,1993,6.188589148915041,,,,,,,,,,,,,28.260452270507802
384,9,Castilla-La Mancha,1994,6.230934140887199,,,,,,,,,,,,,24.7345809936523
385,9,Castilla-La Mancha,1995,6.3287634197149005,,,,,,,,,,,,,25.9419326782227
386,9,Castilla-La Mancha,1996,6.61439609609308,,,,,,,,,,,,,
387,9,Castilla-La Mancha,1997,6.86539554895588,,,,,,,,,,,,,
388,10,Cataluna,1955,3.54662963030373,,,,,,,,,,,,,
389,10,Cataluna,1956,3.6904455695415197,,,,,,,,,,,,,
390,10,Cataluna,1957,3.82683499817574,,,,,,,,,,,,,
391,10,Cataluna,1958,3.8756783776063997,,,,,,,,,,,,,
392,10,Cataluna,1959,3.9217367338405498,,,,,,,,,,,,,
393,10,Cataluna,1960,4.24178820002321,,,,,,,,,,,,,
394,10,Cataluna,1961,4.57533547892566,8.23999977111816,2.89000010490417,41.6100006103516,5.550000190734861,37.2999992370605,4.42000007629395,,,,,,,
395,10,Cataluna,1962,4.83804641196265,,,,,,,,,,,,,
396,10,Cataluna,1963,5.0813340963686695,8.27999973297119,2.72000002861023,39.939998626709,6.42999982833862,38.8300018310547,3.7899999618530296,,,,,,,
397,10,Cataluna,1964,5.15809787814531,,,,,,,262.816864013672,2749.12109375,168.848922729492,55.7905082702637,29.5606575012207,,16.5614433288574
398,10,Cataluna,1965,5.22365052507319,6.76999998092651,2.85999989509583,40.290000915527294,7.28000020980835,38.8499984741211,3.9600000381469704,269.135833740234,2798.28125,181.37644958496102,58.4356880187988,30.5408153533936,,20.0388870239258
399,10,Cataluna,1966,5.33247650503874,,,,,,,275.247894287109,2851.96044921875,195.368789672852,61.460968017578104,31.597230911254897,,23.868471145629897
400,10,Cataluna,1967,5.429448920704581,5.69000005722046,2.9300000667572004,39.47999954223629,7.099999904632571,40.1300010681152,4.67000007629395,281.157318115234,2915.71752929688,211.56886291503898,64.8915252685547,32.8478584289551,,24.7314453125
401,10,Cataluna,1968,5.6743788535306905,,,,,,,286.868377685547,2966.74462890625,247.832916259766,68.53140258789061,33.6025543212891,,25.75998878479
402,10,Cataluna,1969,5.91552394419117,5.699999809265139,3.0,38.959999084472706,7.17000007629395,40.22999954223629,4.94000005722046,292.385131835938,3018.34545898438,285.996917724609,72.539794921875,36.098548889160206,153.11999511718798,24.162046432495103
403,10,Cataluna,1970,6.06683787193614,,,,,,,,,,,,,21.5039901733398
404,10,Cataluna,1971,6.22764920820614,,,,,,,,,,,,,20.951726913452102
405,10,Cataluna,1972,6.539060129025639,,,,,,,,,,,,,23.331222534179698
406,10,Cataluna,1973,6.837975056094461,,,,,,,,,,,,,24.659536361694304
407,10,Cataluna,1974,6.98736082380481,,,,,,,,,,,,,24.100830078125
408,10,Cataluna,1975,7.124893027215441,,,,,,,,,,,,,21.1886425018311
409,10,Cataluna,1976,7.1353898188687195,,,,,,,,,,,,,20.4112911224365
410,10,Cataluna,1977,7.142959067359099,,,,,,,,,,,,,18.507013320922898
411,10,Cataluna,1978,7.01935154409008,,,,,,,,,,,,,18.5064487457275
412,10,Cataluna,1979,7.01099691034147,,,,,,,,,,,,,17.6833438873291
413,10,Cataluna,1980,7.078834670981281,,,,,,,,,,,,,15.899486541747999
414,10,Cataluna,1981,7.182233560361099,,,,,,,,,,,,,13.670280456542999
415,10,Cataluna,1982,7.28720365609826,,,,,,,,,,,,,13.7905778884888
416,10,Cataluna,1983,7.397886318194799,,,,,,,,,,,,,15.848426818847699
417,10,Cataluna,1984,7.4842900284628495,,,,,,,,,,,,,13.6417980194092
418,10,Cataluna,1985,7.5699798313763,,,,,,,,,,,,,13.1108713150024
419,10,Cataluna,1986,8.07769173930216,,,,,,,,,,,,,14.9053049087524
420,10,Cataluna,1987,8.58397583251883,,,,,,,,,,,,,18.182672500610398
421,10,Cataluna,1988,9.057412342288359,,,,,,,,,,,,,17.6598262786865
422,10,Cataluna,1989,9.52584975721223,,,,,,,,,,,,,18.418958663940398
423,10,Cataluna,1990,9.785061759698118,,,,,,,,,,,,,18.870548248290998
424,10,Cataluna,1991,10.0506998000571,,,,,,,,,,,,,19.4772415161133
425,10,Cataluna,1992,9.83790310748268,,,,,,,,,,,,,21.094182968139602
426,10,Cataluna,1993,9.625107286589989,,,,,,,,,,,,,18.3188209533691
427,10,Cataluna,1994,10.006427083891198,,,,,,,,,,,,,17.802997589111303
428,10,Cataluna,1995,10.33990288489,,,,,,,,,,,,,18.380968093872102
429,10,Cataluna,1996,10.576263750256599,,,,,,,,,,,,,
430,10,Cataluna,1997,11.0454159442168,,,,,,,,,,,,,
431,11,Comunidad Valenciana,1955,2.57597822218206,,,,,,,,,,,,,
432,11,Comunidad Valenciana,1956,2.73850328477578,,,,,,,,,,,,,
433,11,Comunidad Valenciana,1957,2.89988579051354,,,,,,,,,,,,,
434,11,Comunidad Valenciana,1958,2.96351049532723,,,,,,,,,,,,,
435,11,Comunidad Valenciana,1959,3.02620685907542,,,,,,,,,,,,,
436,11,Comunidad Valenciana,1960,3.21929439140435,,,,,,,,,,,,,
437,11,Comunidad Valenciana,1961,3.3624679011911804,23.649999618530302,3.0199999809265097,27.6800003051758,4.53000020980835,36.180000305175795,4.96000003814697,,,,,,,
438,11,Comunidad Valenciana,1962,3.5699800231462904,,,,,,,,,,,,,
439,11,Comunidad Valenciana,1963,3.76521014922076,21.780000686645497,2.75,27.2099990844727,5.42000007629395,38.3300018310547,4.5,,,,,,,
440,11,Comunidad Valenciana,1964,3.8236930213019504,,,,,,,265.352386474609,1625.7536621093802,84.9697952270508,29.605535507202102,15.683203697204599,,19.6991195678711
441,11,Comunidad Valenciana,1965,3.8741786491527,18.270000457763697,2.5999999046325697,28.1800003051758,6.67000007629395,39.2400016784668,5.050000190734861,266.08099365234403,1650.5283203125,89.93311309814449,31.188289642334,16.073440551757802,,21.8730087280273
442,11,Comunidad Valenciana,1966,3.97814892592072,,,,,,,266.74658203125,1677.83056640625,95.4620513916016,32.992431640625,16.4965915679932,,24.026781082153303
443,11,Comunidad Valenciana,1967,4.0734076152628305,15.479999542236301,2.4300000667572,28.6399993896484,6.880000114440921,40.5,6.07000017166138,267.350677490234,1711.10729980469,101.888916015625,35.0352592468262,17.0129070281982,,24.6811904907227
444,11,Comunidad Valenciana,1968,4.27977739828241,,,,,,,267.894744873047,1738.71472167969,117.650833129883,37.2143325805664,17.2655029296875,,25.7572746276855
445,11,Comunidad Valenciana,1969,4.48628970126839,13.729999542236301,2.6900000572204603,28.5200004577637,7.349999904632571,41.069999694824205,6.639999866485599,268.380218505859,1766.76818847656,133.849853515625,39.6187858581543,18.4009895324707,128.699996948242,26.178804397582997
446,11,Comunidad Valenciana,1970,4.65474132809153,,,,,,,,,,,,,24.841054916381804
447,11,Comunidad Valenciana,1971,4.817123870718861,,,,,,,,,,,,,23.199651718139602
448,11,Comunidad Valenciana,1972,5.13888906322524,,,,,,,,,,,,,23.701726913452102
449,11,Comunidad Valenciana,1973,5.449371642979241,,,,,,,,,,,,,25.9421882629395
450,11,Comunidad Valenciana,1974,5.55798362507476,,,,,,,,,,,,,26.4274501800537
451,11,Comunidad Valenciana,1975,5.655955423868849,,,,,,,,,,,,,25.305294036865202
452,11,Comunidad Valenciana,1976,5.7613539511869405,,,,,,,,,,,,,24.5974979400635
453,11,Comunidad Valenciana,1977,5.86103991214564,,,,,,,,,,,,,23.189163208007802
454,11,Comunidad Valenciana,1978,5.81091123797219,,,,,,,,,,,,,22.090478897094698
455,11,Comunidad Valenciana,1979,5.77549262919858,,,,,,,,,,,,,20.749769210815398
456,11,Comunidad Valenciana,1980,5.790988079856651,,,,,,,,,,,,,21.211227416992198
457,11,Comunidad Valenciana,1981,5.8996715398558,,,,,,,,,,,,,19.3309440612793
458,11,Comunidad Valenciana,1982,6.0181378841536395,,,,,,,,,,,,,18.845811843872102
459,11,Comunidad Valenciana,1983,6.139817247388019,,,,,,,,,,,,,19.319688796997102
460,11,Comunidad Valenciana,1984,6.23686070511662,,,,,,,,,,,,,17.531343460083
461,11,Comunidad Valenciana,1985,6.336118234494389,,,,,,,,,,,,,17.120782852172898
462,11,Comunidad Valenciana,1986,6.73936039200853,,,,,,,,,,,,,18.4207916259766
463,11,Comunidad Valenciana,1987,7.14438731790917,,,,,,,,,,,,,19.7567386627197
464,11,Comunidad Valenciana,1988,7.560697292403059,,,,,,,,,,,,,22.3779983520508
465,11,Comunidad Valenciana,1989,7.9691516709511605,,,,,,,,,,,,,23.738317489624
466,11,Comunidad Valenciana,1990,8.138388683032531,,,,,,,,,,,,,24.6734676361084
467,11,Comunidad Valenciana,1991,8.30619788040471,,,,,,,,,,,,,22.7543029785156
468,11,Comunidad Valenciana,1992,8.080548240402301,,,,,,,,,,,,,21.461605072021502
469,11,Comunidad Valenciana,1993,7.8570411941454195,,,,,,,,,,,,,20.1841773986816
470,11,Comunidad Valenciana,1994,8.06840920032892,,,,,,,,,,,,,20.615167617797898
471,11,Comunidad Valenciana,1995,8.28906061716742,,,,,,,,,,,,,21.7886962890625
472,11,Comunidad Valenciana,1996,8.429734361610969,,,,,,,,,,,,,
473,11,Comunidad Valenciana,1997,8.72536435599873,,,,,,,,,,,,,
474,12,Extremadura,1955,1.24343048331057,,,,,,,,,,,,,
475,12,Extremadura,1956,1.3325478478317,,,,,,,,,,,,,
476,12,Extremadura,1957,1.4224507065712801,,,,,,,,,,,,,
477,12,Extremadura,1958,1.4402313799015,,,,,,,,,,,,,
478,12,Extremadura,1959,1.4580834221751398,,,,,,,,,,,,,
479,12,Extremadura,1960,1.5358469139606898,,,,,,,,,,,,,
480,12,Extremadura,1961,1.5962581639969502,46.5,1.60000002384186,10.6999998092651,7.9899997711181605,26.6100006103516,6.610000133514401,,,,,,,
481,12,Extremadura,1962,1.7055841624072798,,,,,,,,,,,,,
482,12,Extremadura,1963,1.8176949660936699,42.4500007629395,1.9700000286102302,10.970000267028801,8.18000030517578,30.1299991607666,6.30999994277954,,,,,,,
483,12,Extremadura,1964,1.8828192904008503,,,,,,,198.069030761719,713.5366821289059,20.4298152923584,9.42423725128174,4.34637928009033,,16.0566520690918
484,12,Extremadura,1965,1.9488718468133,37.5800018310547,2.9300000667572004,10.859999656677198,9.39000034332275,32.0,7.2600002288818395,189.69157409668,703.732543945312,21.3291072845459,10.051913261413599,4.4210057258606,,18.0707759857178
485,12,Extremadura,1966,2.0326334896921203,,,,,,,181.497375488281,695.0422973632809,22.3267841339111,10.763679504394501,4.50280570983887,,18.9422512054443
486,12,Extremadura,1967,2.11760916733054,33.0499992370605,3.1300001144409197,11.029999732971199,9.25,34.1100006103516,9.43000030517578,173.483093261719,688.875,23.493629455566396,11.5677585601807,4.60787534713745,,21.0937271118164
487,12,Extremadura,1968,2.24550122432932,,,,,,,165.645462036133,681.676818847656,26.737905502319304,12.432619094848599,4.639700889587401,,23.2899532318115
488,12,Extremadura,1969,2.3819623487876203,30.1599998474121,3.5999999046325697,10.869999885559098,9.03999996185303,35.75,10.5799999237061,157.981262207031,674.467956542969,29.9734573364258,13.3898468017578,4.90563201904297,28.969999313354503,23.983543395996104
489,12,Extremadura,1970,2.51849473322912,,,,,,,,,,,,,21.9763240814209
490,12,Extremadura,1971,2.65402751662192,,,,,,,,,,,,,20.9220218658447
491,12,Extremadura,1972,2.8464009236758194,,,,,,,,,,,,,21.5212917327881
492,12,Extremadura,1973,3.04562988978595,,,,,,,,,,,,,23.5006084442139
493,12,Extremadura,1974,3.10304190083525,,,,,,,,,,,,,22.9990043640137
494,12,Extremadura,1975,3.1567409834634304,,,,,,,,,,,,,23.875181198120103
495,12,Extremadura,1976,3.2625679423624505,,,,,,,,,,,,,25.086936950683604
496,12,Extremadura,1977,3.36539566227451,,,,,,,,,,,,,24.5106010437012
497,12,Extremadura,1978,3.48707502550889,,,,,,,,,,,,,26.264888763427702
498,12,Extremadura,1979,3.51585250893718,,,,,,,,,,,,,25.247013092041
499,12,Extremadura,1980,3.5395600733774706,,,,,,,,,,,,,36.3258094787598
500,12,Extremadura,1981,3.57276482842235,,,,,,,,,,,,,39.4098014831543
501,12,Extremadura,1982,3.61096824247202,,,,,,,,,,,,,36.092437744140604
502,12,Extremadura,1983,3.64895744073122,,,,,,,,,,,,,28.8806972503662
503,12,Extremadura,1984,3.73714635522663,,,,,,,,,,,,,28.9459609985352
504,12,Extremadura,1985,3.82847768243671,,,,,,,,,,,,,24.619384765625
505,12,Extremadura,1986,4.161739485565509,,,,,,,,,,,,,26.492696762085
506,12,Extremadura,1987,4.49857169714903,,,,,,,,,,,,,23.0931091308594
507,12,Extremadura,1988,4.76949430812737,,,,,,,,,,,,,23.0579814910889
508,12,Extremadura,1989,5.05141405608442,,,,,,,,,,,,,25.2050437927246
509,12,Extremadura,1990,5.234075838822839,,,,,,,,,,,,,27.055639266967802
510,12,Extremadura,1991,5.39831462774029,,,,,,,,,,,,,29.653051376342802
511,12,Extremadura,1992,5.36546704429315,,,,,,,,,,,,,28.14089012146
512,12,Extremadura,1993,5.33261946084601,,,,,,,,,,,,,24.5728073120117
513,12,Extremadura,1994,5.439874234454219,,,,,,,,,,,,,21.8011627197266
514,12,Extremadura,1995,5.501356563442809,,,,,,,,,,,,,24.2228889465332
515,12,Extremadura,1996,5.905812537796121,,,,,,,,,,,,,
516,12,Extremadura,1997,6.22457870923598,,,,,,,,,,,,,
517,13,Galicia,1955,1.63467579383708,,,,,,,,,,,,,
518,13,Galicia,1956,1.72557836258558,,,,,,,,,,,,,
519,13,Galicia,1957,1.8164810402942901,,,,,,,,,,,,,
520,13,Galicia,1958,1.84090251208918,,,,,,,,,,,,,
521,13,Galicia,1959,1.86539567970814,,,,,,,,,,,,,
522,13,Galicia,1960,1.9832904186973401,,,,,,,,,,,,,
523,13,Galicia,1961,2.00578416629847,33.25,5.26000022888184,17.4400005340576,5.82999992370605,31.4099998474121,6.80999994277954,,,,,,,
524,13,Galicia,1962,2.18566114376082,,,,,,,,,,,,,
525,13,Galicia,1963,2.3663954202259196,32.3800010681152,5.23999977111816,17.4400005340576,6.44000005722046,32.4300003051758,6.07000017166138,,,,,,,
526,13,Galicia,1964,2.45879739054746,,,,,,,235.295440673828,1684.7021484375,63.60566711425779,25.510450363159197,13.0256786346436,,15.586754798889197
527,13,Galicia,1965,2.5497000682561697,29.1700000762939,5.32999992370605,17.840000152587898,7.400000095367429,33.6300010681152,6.650000095367429,235.123489379883,1674.84020996094,67.2105178833008,26.8081111907959,13.1926946640015,,19.1050872802734
528,13,Galicia,1966,2.66966570516683,,,,,,,234.916793823242,1667.1708984375,71.2246398925781,28.289260864257802,13.377916336059599,,21.5290145874023
529,13,Galicia,1967,2.7878463557705597,26.530000686645497,5.17999982833862,18.229999542236303,7.360000133514401,34.7900009155273,7.92000007629395,234.676239013672,1664.8894042968802,75.8933563232422,29.967351913452102,13.628567695617699,,22.2095241546631
530,13,Galicia,1968,2.9783632986139,,,,,,,234.402770996094,1658.34289550781,87.4872055053711,31.753547668457,13.6594495773315,,22.6949615478516
531,13,Galicia,1969,3.1773778310131298,22.9799995422363,5.630000114440921,18.4599990844727,8.13000011444092,36.310001373291,8.48999977111816,234.097274780273,1651.6369628906198,99.365478515625,33.7229232788086,14.3740549087524,91.0199966430664,22.5122718811035
532,13,Galicia,1970,3.3619679917066096,,,,,,,,,,,,,21.0963020324707
533,13,Galicia,1971,3.53477584808358,,,,,,,,,,,,,21.0592098236084
534,13,Galicia,1972,3.78320471146079,,,,,,,,,,,,,22.6944522857666
535,13,Galicia,1973,4.0299913264179,,,,,,,,,,,,,23.034957885742198
536,13,Galicia,1974,4.1323908326694605,,,,,,,,,,,,,24.3730659484863
537,13,Galicia,1975,4.23100549675539,,,,,,,,,,,,,21.521507263183604
538,13,Galicia,1976,4.359040291641,,,,,,,,,,,,,22.540498733520497
539,13,Galicia,1977,4.48564683597655,,,,,,,,,,,,,22.460054397582997
540,13,Galicia,1978,4.5217078742011205,,,,,,,,,,,,,20.856554031372102
541,13,Galicia,1979,4.5574834366520305,,,,,,,,,,,,,19.8971176147461
542,13,Galicia,1980,4.5816909105768895,,,,,,,,,,,,,21.4147644042969
543,13,Galicia,1981,4.61875176777059,,,,,,,,,,,,,22.260314941406197
544,13,Galicia,1982,4.710797002335269,,,,,,,,,,,,,18.9320793151855
545,13,Galicia,1983,4.80634116745104,,,,,,,,,,,,,17.9381408691406
546,13,Galicia,1984,4.89931430724034,,,,,,,,,,,,,19.6235446929932
547,13,Galicia,1985,4.99778645135988,,,,,,,,,,,,,21.136173248290998
548,13,Galicia,1986,5.2779205592487,,,,,,,,,,,,,17.2311058044434
549,13,Galicia,1987,5.56576687143517,,,,,,,,,,,,,17.396068572998
550,13,Galicia,1988,5.90952590205812,,,,,,,,,,,,,18.439764022827102
551,13,Galicia,1989,6.254498749520231,,,,,,,,,,,,,20.4401321411133
552,13,Galicia,1990,6.453227806145789,,,,,,,,,,,,,21.5044841766357
553,13,Galicia,1991,6.641602591084469,,,,,,,,,,,,,21.5099925994873
554,13,Galicia,1992,6.5444872196113595,,,,,,,,,,,,,21.2633037567139
555,13,Galicia,1993,6.447514803945531,,,,,,,,,,,,,20.2256679534912
556,13,Galicia,1994,6.556483739718339,,,,,,,,,,,,,20.761928558349602
557,13,Galicia,1995,6.68866033044688,,,,,,,,,,,,,22.020811080932603
558,13,Galicia,1996,6.86246800579299,,,,,,,,,,,,,
559,13,Galicia,1997,7.13853179574251,,,,,,,,,,,,,
560,14,Madrid (Comunidad De),1955,4.594472815942099,,,,,,,,,,,,,
561,14,Madrid (Comunidad De),1956,4.78663244304641,,,,,,,,,,,,,
562,14,Madrid (Comunidad De),1957,4.96343913945904,,,,,,,,,,,,,
563,14,Madrid (Comunidad De),1958,4.90616964837613,,,,,,,,,,,,,
564,14,Madrid (Comunidad De),1959,4.84640104571127,,,,,,,,,,,,,
565,14,Madrid (Comunidad De),1960,5.16109689921183,,,,,,,,,,,,,
566,14,Madrid (Comunidad De),1961,5.632604813105849,2.41000008583069,2.4500000476837203,23.0799999237061,8.14000034332275,53.369998931884794,10.5600004196167,,,,,,,
567,14,Madrid (Comunidad De),1962,5.84083127825644,,,,,,,,,,,,,
568,14,Madrid (Comunidad De),1963,6.024492879963981,2.35999989509583,2.19000005722046,23.190000534057603,8.23999977111816,54.7400016784668,9.27999973297119,,,,,,,
569,14,Madrid (Comunidad De),1964,6.09932893754686,,,,,,,122.863471984863,1709.73864746094,220.303680419922,55.36328125,51.79325866699221,,14.728869438171401
570,14,Madrid (Comunidad De),1965,6.15202820120591,1.7699999809265101,2.07999992370605,24.9300003051758,8.67000007629395,51.7000007629395,10.8500003814697,127.15397644043001,1765.89123535156,233.303817749023,57.760772705078104,53.870365142822294,,15.7073917388916
571,14,Madrid (Comunidad De),1966,6.11046859449198,,,,,,,131.31326293945298,1826.0283203125,247.787292480469,60.510440826415994,56.101985931396506,,16.8277263641357
572,14,Madrid (Comunidad De),1967,6.057340899252,1.46000003814697,1.87000000476837,24.280000686645497,8.56999969482422,51.8199996948242,12.0100002288818,135.343994140625,1893.69494628906,264.619781494141,63.632286071777294,58.7012596130371,,16.7447471618652
573,14,Madrid (Comunidad De),1968,6.2531419768738,,,,,,,139.24880981445298,1944.68811035156,305.73028564453097,66.9298782348633,60.433292388915994,,15.958457946777301
574,14,Madrid (Comunidad De),1969,6.43558976174218,1.32000005245209,1.7799999713897698,23.690000534057603,8.17000007629395,51.939998626709006,13.109999656677198,143.030258178711,1996.40441894531,348.025024414062,70.555290222168,65.3297500610352,442.450012207031,17.4400634765625
575,14,Madrid (Comunidad De),1970,6.543344880675829,,,,,,,,,,,,,19.7359714508057
576,14,Madrid (Comunidad De),1971,6.67473565030527,,,,,,,,,,,,,16.3634643554688
577,14,Madrid (Comunidad De),1972,7.08690382895624,,,,,,,,,,,,,17.7570724487305
578,14,Madrid (Comunidad De),1973,7.47500748948961,,,,,,,,,,,,,19.0428199768066
579,14,Madrid (Comunidad De),1974,7.655669634289759,,,,,,,,,,,,,18.3821659088135
580,14,Madrid (Comunidad De),1975,7.816338014752481,,,,,,,,,,,,,16.296066284179698
581,14,Madrid (Comunidad De),1976,7.70708403904688,,,,,,,,,,,,,14.8248138427734
582,14,Madrid (Comunidad De),1977,7.59997178540506,,,,,,,,,,,,,15.1333360671997
583,14,Madrid (Comunidad De),1978,7.3900315939307495,,,,,,,,,,,,,14.932092666626
584,14,Madrid (Comunidad De),1979,7.32147992593634,,,,,,,,,,,,,14.467070579528801
585,14,Madrid (Comunidad De),1980,7.4171661751776305,,,,,,,,,,,,,12.1411733627319
586,14,Madrid (Comunidad De),1981,7.5321340247652495,,,,,,,,,,,,,10.5835418701172
587,14,Madrid (Comunidad De),1982,7.542845250129429,,,,,,,,,,,,,11.082971572876
588,14,Madrid (Comunidad De),1983,7.558554698657531,,,,,,,,,,,,,10.789205551147498
589,14,Madrid (Comunidad De),1984,7.699228443101081,,,,,,,,,,,,,9.3316707611084
590,14,Madrid (Comunidad De),1985,7.83918915187179,,,,,,,,,,,,,10.2985944747925
591,14,Madrid (Comunidad De),1986,8.347614967152241,,,,,,,,,,,,,11.6767740249634
592,14,Madrid (Comunidad De),1987,8.84961474455959,,,,,,,,,,,,,12.7537307739258
593,14,Madrid (Comunidad De),1988,9.25449871465296,,,,,,,,,,,,,13.909849166870101
594,14,Madrid (Comunidad De),1989,9.65795487003713,,,,,,,,,,,,,15.587666511535598
595,14,Madrid (Comunidad De),1990,9.80648421042649,,,,,,,,,,,,,15.4658737182617
596,14,Madrid (Comunidad De),1991,9.96358218243448,,,,,,,,,,,,,16.876277923584002
597,14,Madrid (Comunidad De),1992,9.84004570122822,,,,,,,,,,,,,16.3416538238525
598,14,Madrid (Comunidad De),1993,9.718651813767499,,,,,,,,,,,,,15.583446502685499
599,14,Madrid (Comunidad De),1994,9.88217669533035,,,,,,,,,,,,,17.076150894165
600,14,Madrid (Comunidad De),1995,10.098542924677801,,,,,,,,,,,,,17.134010314941403
601,14,Madrid (Comunidad De),1996,10.322764749971,,,,,,,,,,,,,
602,14,Madrid (Comunidad De),1997,10.73264781491,,,,,,,,,,,,,
603,15,Murcia (Region de),1955,1.67952011531164,,,,,,,,,,,,,
604,15,Murcia (Region de),1956,1.76428168611981,,,,,,,,,,,,,
605,15,Murcia (Region de),1957,1.85032844271056,,,,,,,,,,,,,
606,15,Murcia (Region de),1958,1.8873892999042698,,,,,,,,,,,,,
607,15,Murcia (Region de),1959,1.9240932034206701,,,,,,,,,,,,,
608,15,Murcia (Region de),1960,2.11860898629967,,,,,,,,,,,,,
609,15,Murcia (Region de),1961,2.30548404278465,23.850000381469698,9.85999965667725,19.4699993133545,5.23999977111816,34.7099990844727,6.880000114440921,,,,,,,
610,15,Murcia (Region de),1962,2.5214224943124504,,,,,,,,,,,,,
611,15,Murcia (Region de),1963,2.73907445424354,22.3400001525879,9.40999984741211,19.8899993896484,5.7399997711181605,35.819999694824205,6.78999996185303,,,,,,,
612,15,Murcia (Region de),1964,2.85125684479379,,,,,,,110.02625274658199,429.20654296875,24.416200637817397,8.23727226257324,4.2267751693725595,,16.863357543945302
613,15,Murcia (Region de),1965,2.96593834692599,18.520000457763697,11.1999998092651,19.8099994659424,6.5100002288818395,36.22999954223629,7.7399997711181605,108.333282470703,429.5390625,25.2321701049805,8.52175331115723,4.29338550567627,,18.2309856414795
614,15,Murcia (Region de),1966,3.0991860166068603,,,,,,,106.665687561035,430.465148925781,26.1326198577881,8.85069179534912,4.366624832153319,,24.4878005981445
615,15,Murcia (Region de),1967,3.2272922893961096,17.370000839233402,10.770000457763699,18.8600006103516,6.369999885559079,36.939998626709,9.69999980926514,105.023094177246,432.902587890625,27.1941242218018,9.22547721862793,4.462040424346919,,24.7873210906982
616,15,Murcia (Region de),1968,3.4611540431807404,,,,,,,103.405128479004,433.731048583984,30.591402053832997,9.61625862121582,4.48619937896729,,19.002290725708
617,15,Murcia (Region de),1969,3.7061554539104904,14.6800003051758,9.89999961853027,20.1900005340576,7.59000015258789,37.189998626709,10.4499998092651,101.81143951416,434.63644409179705,33.8780860900879,10.0437860488892,4.736140727996831,73.36000061035159,20.8658714294434
618,15,Murcia (Region de),1970,3.90638380314888,,,,,,,,,,,,,21.767267227172898
619,15,Murcia (Region de),1971,4.08647543224257,,,,,,,,,,,,,21.015216827392603
620,15,Murcia (Region de),1972,4.37946292340023,,,,,,,,,,,,,21.2000560760498
621,15,Murcia (Region de),1973,4.666952281909411,,,,,,,,,,,,,23.023460388183604
622,15,Murcia (Region de),1974,4.69780066325916,,,,,,,,,,,,,24.4522171020508
623,15,Murcia (Region de),1975,4.72272204453861,,,,,,,,,,,,,22.663860321044897
624,15,Murcia (Region de),1976,4.784347329334481,,,,,,,,,,,,,22.599706649780302
625,15,Murcia (Region de),1977,4.84454436358027,,,,,,,,,,,,,22.6332473754883
626,15,Murcia (Region de),1978,4.8646100416622,,,,,,,,,,,,,21.828205108642603
627,15,Murcia (Region de),1979,4.836403727701679,,,,,,,,,,,,,21.691747665405302
628,15,Murcia (Region de),1980,4.763210354379781,,,,,,,,,,,,,21.4614429473877
629,15,Murcia (Region de),1981,4.70808345704241,,,,,,,,,,,,,21.544963836669897
630,15,Murcia (Region de),1982,4.81112539274493,,,,,,,,,,,,,21.812520980835
631,15,Murcia (Region de),1983,4.90688355573073,,,,,,,,,,,,,20.5108871459961
632,15,Murcia (Region de),1984,5.03199080745345,,,,,,,,,,,,,17.9793586730957
633,15,Murcia (Region de),1985,5.15459851175334,,,,,,,,,,,,,18.2883014678955
634,15,Murcia (Region de),1986,5.4715080010622,,,,,,,,,,,,,19.261432647705103
635,15,Murcia (Region de),1987,5.78856044617832,,,,,,,,,,,,,21.543138504028303
636,15,Murcia (Region de),1988,6.12489274827728,,,,,,,,,,,,,23.6007595062256
637,15,Murcia (Region de),1989,6.45044278294929,,,,,,,,,,,,,26.3808155059814
638,15,Murcia (Region de),1990,6.578192102061241,,,,,,,,,,,,,27.4517707824707
639,15,Murcia (Region de),1991,6.71036825694891,,,,,,,,,,,,,25.577903747558604
640,15,Murcia (Region de),1992,6.66288208600556,,,,,,,,,,,,,23.1358852386475
641,15,Murcia (Region de),1993,6.616323820286841,,,,,,,,,,,,,21.1626472473145
642,15,Murcia (Region de),1994,6.7848473608544895,,,,,,,,,,,,,21.1073265075684
643,15,Murcia (Region de),1995,6.88581818071511,,,,,,,,,,,,,23.948043823242198
644,15,Murcia (Region de),1996,7.0454157001459405,,,,,,,,,,,,,
645,15,Murcia (Region de),1997,7.295058380362309,,,,,,,,,,,,,
646,16,Navarra (Comunidad Foral De),1955,2.55512715884189,,,,,,,,,,,,,
647,16,Navarra (Comunidad Foral De),1956,2.6981577128214504,,,,,,,,,,,,,
648,16,Navarra (Comunidad Foral De),1957,2.83983149415457,,,,,,,,,,,,,
649,16,Navarra (Comunidad Foral De),1958,2.88189079243263,,,,,,,,,,,,,
650,16,Navarra (Comunidad Foral De),1959,2.93087690975012,,,,,,,,,,,,,
651,16,Navarra (Comunidad Foral De),1960,3.1635246287751504,,,,,,,,,,,,,
652,16,Navarra (Comunidad Foral De),1961,3.3359040535711904,29.239999771118196,3.45000004768372,24.719999313354503,6.23000001907349,29.9099998474121,6.449999809265139,,,,,,,
653,16,Navarra (Comunidad Foral De),1962,3.6233934120803704,,,,,,,,,,,,,
654,16,Navarra (Comunidad Foral De),1963,3.89481571462283,29.7900009155273,2.79999995231628,26.0400009155273,6.46000003814697,29.5400009155273,5.369999885559079,,,,,,,
655,16,Navarra (Comunidad Foral De),1964,3.98514722286378,,,,,,,13.389813423156701,274.24786376953097,15.849164009094201,5.543560981750491,3.8682854175567596,,19.1858196258545
656,16,Navarra (Comunidad Foral De),1965,4.07297918368189,24.399999618530302,2.6800000667572,28.850000381469698,7.349999904632571,30.5699996948242,6.15999984741211,13.412804603576697,276.363555908203,17.104009628295902,5.885342597961429,3.9796304702758802,,21.209753036499
657,16,Navarra (Comunidad Foral De),1966,4.21001147760796,,,,,,,13.432971954345698,278.747283935547,18.5064468383789,6.273571968078611,4.09997081756592,,19.8447246551514
658,16,Navarra (Comunidad Foral De),1967,4.35239938421612,22.5200004577637,2.35999989509583,29.8199996948242,7.09000015258789,30.760000228881804,7.449999809265139,13.4503841400146,281.893890380859,20.1286563873291,6.71248388290405,4.24443912506104,,17.9839763641357
659,16,Navarra (Comunidad Foral De),1968,4.55698352716746,,,,,,,13.4651098251343,283.630767822266,23.6790332794189,7.183292388916019,4.32393074035645,,18.7410049438477
660,16,Navarra (Comunidad Foral De),1969,4.765709901802611,17.5699996948242,2.41000008583069,32.560001373291,7.78000020980835,31.559999465942397,8.11999988555908,13.4772138595581,285.131011962891,27.4383029937744,7.70386505126953,4.62594985961914,44.16999816894529,22.7656745910645
661,16,Navarra (Comunidad Foral De),1970,4.9794344996016795,,,,,,,,,,,,,22.24440574646
662,16,Navarra (Comunidad Foral De),1971,5.19965704901836,,,,,,,,,,,,,19.590524673461896
663,16,Navarra (Comunidad Foral De),1972,5.466795253671941,,,,,,,,,,,,,20.1721096038818
664,16,Navarra (Comunidad Foral De),1973,5.73050556983719,,,,,,,,,,,,,22.518383026123
665,16,Navarra (Comunidad Foral De),1974,5.98478995538105,,,,,,,,,,,,,25.008567810058604
666,16,Navarra (Comunidad Foral De),1975,6.22293646081588,,,,,,,,,,,,,27.484489440918
667,16,Navarra (Comunidad Foral De),1976,6.29777208255789,,,,,,,,,,,,,27.7473335266113
668,16,Navarra (Comunidad Foral De),1977,6.3844617044404695,,,,,,,,,,,,,24.1056308746338
669,16,Navarra (Comunidad Foral De),1978,6.32419319229104,,,,,,,,,,,,,22.790994644165
670,16,Navarra (Comunidad Foral De),1979,6.23964572831312,,,,,,,,,,,,,22.8123836517334
671,16,Navarra (Comunidad Foral De),1980,6.208440393286071,,,,,,,,,,,,,19.2924785614014
672,16,Navarra (Comunidad Foral De),1981,6.177877923550861,,,,,,,,,,,,,16.8062381744385
673,16,Navarra (Comunidad Foral De),1982,6.36203943474298,,,,,,,,,,,,,15.8658895492554
674,16,Navarra (Comunidad Foral De),1983,6.54470165332227,,,,,,,,,,,,,14.971141815185499
675,16,Navarra (Comunidad Foral De),1984,6.79720083463876,,,,,,,,,,,,,13.395903587341301
676,16,Navarra (Comunidad Foral De),1985,7.0477718559206295,,,,,,,,,,,,,15.864387512207001
677,16,Navarra (Comunidad Foral De),1986,7.44929985127017,,,,,,,,,,,,,17.9428825378418
678,16,Navarra (Comunidad Foral De),1987,7.879177552228381,,,,,,,,,,,,,19.5691547393799
679,16,Navarra (Comunidad Foral De),1988,8.34975756089778,,,,,,,,,,,,,20.5950679779053
680,16,Navarra (Comunidad Foral De),1989,8.80391334200273,,,,,,,,,,,,,22.3473205566406
681,16,Navarra (Comunidad Foral De),1990,9.19737217937732,,,,,,,,,,,,,23.6747093200684
682,16,Navarra (Comunidad Foral De),1991,9.59154492410651,,,,,,,,,,,,,23.568607330322298
683,16,Navarra (Comunidad Foral De),1992,9.34518674073033,,,,,,,,,,,,,25.5794525146484
684,16,Navarra (Comunidad Foral De),1993,9.117395378664131,,,,,,,,,,,,,23.4554958343506
685,16,Navarra (Comunidad Foral De),1994,9.36589528410409,,,,,,,,,,,,,25.159740447998
686,16,Navarra (Comunidad Foral De),1995,9.758640214124089,,,,,,,,,,,,,25.054317474365202
687,16,Navarra (Comunidad Foral De),1996,10.060697118066699,,,,,,,,,,,,,
688,16,Navarra (Comunidad Foral De),1997,10.522707623435698,,,,,,,,,,,,,
689,17,Basque Country (Pais Vasco),1955,3.8531846300052703,,,,,,,,,,,,,
690,17,Basque Country (Pais Vasco),1956,3.9456582961508797,,,,,,,,,,,,,
691,17,Basque Country (Pais Vasco),1957,4.03356173487263,,,,,,,,,,,,,
692,17,Basque Country (Pais Vasco),1958,4.02342189689665,,,,,,,,,,,,,
693,17,Basque Country (Pais Vasco),1959,4.01378196840523,,,,,,,,,,,,,
694,17,Basque Country (Pais Vasco),1960,4.28591839622273,,,,,,,,,,,,,
695,17,Basque Country (Pais Vasco),1961,4.57433609579741,7.96000003814697,4.730000019073491,44.2599983215332,5.53000020980835,33.5900001525879,3.9400000572204603,,,,,,,
696,17,Basque Country (Pais Vasco),1962,4.8989573535630395,,,,,,,,,,,,,
697,17,Basque Country (Pais Vasco),1963,5.197014981629129,8.10999965667725,4.25,44.4300003051758,5.92000007629395,33.8699989318848,3.4300000667572004,,,,,,,
698,17,Basque Country (Pais Vasco),1964,5.33890297875272,,,,,,,36.3632392883301,969.140014648438,67.9733352661133,21.691781997680696,12.2613000869751,,23.819152832031197
699,17,Basque Country (Pais Vasco),1965,5.4651530052518495,6.73000001907349,4.05000019073486,46.220001220703104,6.369999885559079,33.0,3.64000010490417,37.8310432434082,992.827880859375,74.1777114868164,23.062183380127,12.6866369247437,,25.460439682006804
700,17,Basque Country (Pais Vasco),1966,5.54591562706414,,,,,,,39.2548980712891,1018.1431274414099,81.12030029296879,24.617965698242198,13.1446952819824,,25.0173454284668
701,17,Basque Country (Pais Vasco),1967,5.6148957266394905,5.889999866485599,3.75,45.1100006103516,6.48000001907349,34.220001220703104,4.550000190734861,40.6356964111328,1046.98718261719,89.1361541748047,26.376422882080103,13.684739112853999,,23.4360332489014
702,17,Basque Country (Pais Vasco),1968,5.85218493307158,,,,,,,41.974311828613295,1070.11999511719,105.88878631591801,28.264331817627,14.0191659927368,,23.7783908843994
703,17,Basque Country (Pais Vasco),1969,6.08140541736959,5.53000020980835,3.75,45.3899993896484,6.449999809265139,34.0900001525879,4.800000190734861,43.271598815918,1093.23559570312,123.85572052001999,30.352464675903303,15.0817813873291,246.889999389648,26.3729362487793
704,17,Basque Country (Pais Vasco),1970,6.170094241349571,,,,,,,,,,,,,25.4970436096191
705,17,Basque Country (Pais Vasco),1971,6.28363340454625,,,,,,,,,,,,,22.716312408447298
706,17,Basque Country (Pais Vasco),1972,6.55555539865284,,,,,,,,,,,,,24.568805694580103
707,17,Basque Country (Pais Vasco),1973,6.810768561103081,,,,,,,,,,,,,23.0518627166748
708,17,Basque Country (Pais Vasco),1974,7.1051843028108,,,,,,,,,,,,,23.7866611480713
709,17,Basque Country (Pais Vasco),1975,7.377891682175631,,,,,,,,,,,,,19.8656044006348
710,17,Basque Country (Pais Vasco),1976,7.232933621922751,,,,,,,,,,,,,20.365642547607397
711,17,Basque Country (Pais Vasco),1977,7.0898313721191295,,,,,,,,,,,,,20.0888938903809
712,17,Basque Country (Pais Vasco),1978,6.786703607144611,,,,,,,,,,,,,18.5496139526367
713,17,Basque Country (Pais Vasco),1979,6.639817386857099,,,,,,,,,,,,,16.3017597198486
714,17,Basque Country (Pais Vasco),1980,6.56283917136956,,,,,,,,,,,,,16.5340042114258
715,17,Basque Country (Pais Vasco),1981,6.50078545499277,,,,,,,,,,,,,15.795607566833501
716,17,Basque Country (Pais Vasco),1982,6.545058606999559,,,,,,,,,,,,,14.4020538330078
717,17,Basque Country (Pais Vasco),1983,6.59532980113941,,,,,,,,,,,,,15.0416736602783
718,17,Basque Country (Pais Vasco),1984,6.76149675009149,,,,,,,,,,,,,14.7125797271729
719,17,Basque Country (Pais Vasco),1985,6.937160671727719,,,,,,,,,,,,,15.684075355529801
720,17,Basque Country (Pais Vasco),1986,7.33219115130052,,,,,,,,,,,,,16.3246994018555
721,17,Basque Country (Pais Vasco),1987,7.742788123594151,,,,,,,,,,,,,15.5889568328857
722,17,Basque Country (Pais Vasco),1988,8.120536640758889,,,,,,,,,,,,,16.8475723266602
723,17,Basque Country (Pais Vasco),1989,8.50971116232416,,,,,,,,,,,,,19.7838096618652
724,17,Basque Country (Pais Vasco),1990,8.776777889074099,,,,,,,,,,,,,19.934780120849602
725,17,Basque Country (Pais Vasco),1991,9.02527866619582,,,,,,,,,,,,,20.0072422027588
726,17,Basque Country (Pais Vasco),1992,8.87389282470633,,,,,,,,,,,,,19.9394264221191
727,17,Basque Country (Pais Vasco),1993,8.71822353908928,,,,,,,,,,,,,17.9752731323242
728,17,Basque Country (Pais Vasco),1994,9.018137849286369,,,,,,,,,,,,,17.893705368042
729,17,Basque Country (Pais Vasco),1995,9.440873861653369,,,,,,,,,,,,,19.266321182251
730,17,Basque Country (Pais Vasco),1996,9.686518137674948,,,,,,,,,,,,,
731,17,Basque Country (Pais Vasco),1997,10.1706658728087,,,,,,,,,,,,,
732,18,Rioja (La),1955,2.39045993834351,,,,,,,,,,,,,
733,18,Rioja (La),1956,2.5352042186467902,,,,,,,,,,,,,
734,18,Rioja (La),1957,2.6800199768537096,,,,,,,,,,,,,
735,18,Rioja (La),1958,2.72643528676517,,,,,,,,,,,,,
736,18,Rioja (La),1959,2.77285059667662,,,,,,,,,,,,,
737,18,Rioja (La),1960,2.96986570905801,,,,,,,,,,,,,
738,18,Rioja (La),1961,3.1531705750087005,32.720001220703104,3.08999991416931,27.5699996948242,4.34000015258789,26.2299995422363,6.050000190734861,,,,,,,
739,18,Rioja (La),1962,3.4043844615824104,,,,,,,,,,,,,
740,18,Rioja (La),1963,3.66923755252406,34.4300003051758,2.99000000953674,25.3899993896484,4.73999977111816,27.0699996948242,5.380000114440921,,,,,,,
741,18,Rioja (La),1964,3.8039847327381895,,,,,,,10.23792552948,151.320892333984,8.60982704162598,3.06339836120605,1.8116753101348897,,16.6301879882812
742,18,Rioja (La),1965,3.9218082117441897,31.9500007629395,3.0199999809265097,25.9599990844727,5.34999990463257,27.6399993896484,6.07999992370605,9.79054164886475,151.513656616211,8.87244129180908,3.16899657249451,1.77959680557251,,17.728284835815398
743,18,Rioja (La),1966,4.03270487171076,,,,,,,9.35300159454346,151.885833740234,9.16163349151611,3.29110646247864,1.74683582782745,,17.6105575561523
744,18,Rioja (La),1967,4.16031123501544,27.600000381469698,2.7899999618530296,27.030000686645497,5.650000095367429,29.510000228881804,7.42999982833862,8.92512512207031,152.711868286133,9.50362682342529,3.43024039268494,1.71896767616272,,16.5963726043701
745,18,Rioja (La),1968,4.37303644968625,,,,,,,8.50673580169678,152.956436157227,10.655009269714402,3.57529520988464,1.66027390956879,,18.966751098632802
746,18,Rioja (La),1969,4.60354179288618,24.9099998474121,2.5499999523162797,27.1100006103516,6.110000133514401,31.0499992370605,8.27999973297119,8.09766006469727,153.228103637695,11.757670402526902,3.73398232460022,1.67922723293304,46.58000183105471,20.8034381866455
747,18,Rioja (La),1970,4.7934163062785595,,,,,,,,,,,,,21.5658359527588
748,18,Rioja (La),1971,4.9833618617337,,,,,,,,,,,,,19.5932922363281
749,18,Rioja (La),1972,5.23007699878718,,,,,,,,,,,,,20.8908863067627
750,18,Rioja (La),1973,5.47464997793599,,,,,,,,,,,,,20.773138046264602
751,18,Rioja (La),1974,5.5758356673483895,,,,,,,,,,,,,23.3648471832275
752,18,Rioja (La),1975,5.67609257985442,,,,,,,,,,,,,22.532728195190398
753,18,Rioja (La),1976,5.81655232642794,,,,,,,,,,,,,31.175861358642603
754,18,Rioja (La),1977,5.9557982561623,,,,,,,,,,,,,36.6737174987793
755,18,Rioja (La),1978,6.06655239616248,,,,,,,,,,,,,39.0718536376953
756,18,Rioja (La),1979,6.10104266387059,,,,,,,,,,,,,31.2611522674561
757,18,Rioja (La),1980,6.10868339026461,,,,,,,,,,,,,25.491395950317397
758,18,Rioja (La),1981,6.13996020319529,,,,,,,,,,,,,19.747056961059602
759,18,Rioja (La),1982,6.30976860266486,,,,,,,,,,,,,19.5771312713623
760,18,Rioja (La),1983,6.502142227639201,,,,,,,,,,,,,17.3251037597656
761,18,Rioja (La),1984,6.62689252568463,,,,,,,,,,,,,17.8476257324219
762,18,Rioja (La),1985,6.7755639501995,,,,,,,,,,,,,16.5573043823242
763,18,Rioja (La),1986,7.16509586128294,,,,,,,,,,,,,16.6409587860107
764,18,Rioja (La),1987,7.58069105674049,,,,,,,,,,,,,18.5728778839111
765,18,Rioja (La),1988,8.002713161752888,,,,,,,,,,,,,21.577579498291
766,18,Rioja (La),1989,8.45329940608487,,,,,,,,,,,,,22.790969848632802
767,18,Rioja (La),1990,8.85889728353283,,,,,,,,,,,,,21.0927810668945
768,18,Rioja (La),1991,9.229505855469869,,,,,,,,,,,,,18.9119243621826
769,18,Rioja (La),1992,9.18094795181288,,,,,,,,,,,,,21.862037658691396
770,18,Rioja (La),1993,9.13239091983764,,,,,,,,,,,,,16.7657871246338
771,18,Rioja (La),1994,9.498000396929,,,,,,,,,,,,,16.4694519042969
772,18,Rioja (La),1995,9.75221330456923,,,,,,,,,,,,,20.2756500244141
773,18,Rioja (La),1996,10.0564128022574,,,,,,,,,,,,,
774,18,Rioja (La),1997,10.4762923135243,,,,,,,,,,,,,
