code,country,year,gdp,infrate,trade,schooling,invest60,invest70,invest80,industry
1,USA,1960,2879,,9.693181,43.799999,,,,
1,USA,1961,2929,1.075182,9.4446545,,,,,
1,USA,1962,3103,1.116071,9.4293242,,,,,
1,USA,1963,3227,1.214128,9.470706,,,,,
1,USA,1964,3420,1.308615,9.7258787,,,,,
1,USA,1965,3667,1.668461,9.7303467,43.799999,,,,
1,USA,1966,3974,2.9909999,10.097592,,,,,
1,USA,1967,4154,2.775636,10.208102,,,,,
1,USA,1968,4494,4.217721,10.593937,,,,,
1,USA,1969,4805,5.414701,10.635633,,,,,
1,USA,1970,4999,5.8952961,11.388641,44.400002,,,,
1,USA,1971,5362,4.255929,11.367576,,,,,34.508629
1,USA,1972,5838,3.3056149,11.967158,,,,,34.44429
1,USA,1973,6464,6.2200642,13.713565,,,,,34.37521
1,USA,1974,6951,11.03526,17.316135,,,,,34.03606
1,USA,1975,7519,9.1319304,16.37969,42.599998,,,,33.22567
1,USA,1976,8300,5.7370272,16.873659,,,,,33.760849
1,USA,1977,9146,6.4864602,17.220591,,,,,34.264641
1,USA,1978,10229,7.6474638,17.80619,,,,,34.037231
1,USA,1979,11306,11.26604,19.280546,,,,,33.62648
1,USA,1980,12186,13.50937,21.081579,62.900002,0.23884,0.24568,22.375999,33.514389
1,USA,1981,13533,10.31553,20.363241,,,,,34.08828
1,USA,1982,13940,6.1606159,18.471621,,,,,32.909691
1,USA,1983,15008,3.212435,17.624308,,,,,31.497219
1,USA,1984,16549,4.3172688,18.577013,,,,,31.87278
1,USA,1985,17600,3.561116,17.642408,57.400002,,,,30.864519
1,USA,1986,18439,1.858736,17.954124,,,,,29.44326
1,USA,1987,19407,3.740876,19.116186,,,,,29.19973
1,USA,1988,20711,4.009088,20.330818,,,,,29.606489
1,USA,1989,22047,4.827003,20.730293,,,,,28.61904
1,USA,1990,23064,5.3979559,21.18795,44.400002,,,,27.850321
1,USA,1991,23507,4.2349639,21.26635,,,,,26.62006
1,USA,1992,24509,3.02882,21.54221,,,,,25.72843
1,USA,1993,25409,2.9516571,21.55765,,,,,25.61001
1,USA,1994,26670,2.6074419,22.618219,,,,,26.082951
1,USA,1995,27574,2.8054199,24.273979,44.599998,,,,26.29285
1,USA,1996,28814,2.9312041,24.58247,,,,,25.7854
1,USA,1997,30262,2.3376901,25.591539,,,,,25.384291
1,USA,1998,31519,1.552279,24.690569,,,,,25.018841
1,USA,1999,33028,2.1880269,,,,,,24.72505
1,USA,2000,34603,3.376857,,39.599998,,,,24.443489
1,USA,2001,35341,2.8261709,,,,,,23.04858
1,USA,2002,36180,1.586032,,,,,,
1,USA,2003,37548,2.2700951,,,,,,
2,UK,1960,2158,,43.25547,24.5,,,,
2,UK,1961,2216,3.5794179,41.533241,,,,,
2,UK,1962,2276,4.103672,40.404633,,,,,
2,UK,1963,2386,2.0746889,40.406586,,,,,
2,UK,1964,2534,3.2113819,40.518764,,,,,
2,UK,1965,2660,4.8050408,39.225338,26.5,,,,
2,UK,1966,2794,3.9083049,38.964634,,,,,
2,UK,1967,2923,2.423146,39.313187,,,,,
2,UK,1968,3173,4.731638,43.665131,,,,,
2,UK,1969,3391,5.4619021,44.038982,,,,,
2,UK,1970,3615,6.3618932,45.247738,28.9,,,,
2,UK,1971,3854,9.4078751,44.933399,,,,,43.07859
2,UK,1972,4149,7.0879121,43.559044,,,,,42.560081
2,UK,1973,4683,9.2098513,49.803581,,,,,42.135399
2,UK,1974,5036,15.90322,60.96212,,,,,41.623749
2,UK,1975,5481,24.235081,53.562061,31,,,,40.488178
2,UK,1976,5953,16.532551,58.169788,,,,,41.08992
2,UK,1977,6489,15.88198,59.420418,,,,,41.33041
2,UK,1978,7176,8.2159624,55.656792,,,,,41.465809
2,UK,1979,7973,13.46571,55.690353,,,,,41.823872
2,UK,1980,8502,17.970591,52.326874,32.900002,0.2008,0.22601999,17.587999,42.346298
2,UK,1981,9161,11.87983,50.51421,,,,,41.894661
2,UK,1982,9917,8.5905294,50.752407,,,,,41.491692
2,UK,1983,10669,4.607018,52.091301,,,,,40.901451
2,UK,1984,11336,4.9534092,57.00433,,,,,40.382359
2,UK,1985,12068,6.0654211,56.622364,35.700001,,,,39.762779
2,UK,1986,12795,3.4276149,52.056396,,,,,39.134338
2,UK,1987,13717,4.1489182,51.936165,,,,,38.030521
2,UK,1988,14864,4.9079762,49.649181,,,,,37.21299
2,UK,1989,15716,7.7972708,51.64563,,,,,36.629669
2,UK,1990,16397,9.4755878,51.467461,38.5,,,,35.17424
2,UK,1991,16681,5.853981,48.209381,,,,,33.12701
2,UK,1992,17069,3.7326009,49.349758,,,,,31.889669
2,UK,1993,17845,1.564474,52.593632,,,,,31.270929
2,UK,1994,18975,2.47645,54.257759,,,,,31.693331
2,UK,1995,19860,3.410996,57.896839,39.900002,,,,31.996481
2,UK,1996,20923,2.4487059,59.849579,,,,,31.86726
2,UK,1997,22280,3.132333,57.84053,,,,,31.074129
2,UK,1998,23206,3.41817,55.989063,,,,,29.46092
2,UK,1999,23959,1.555385,,,,,,28.59877
2,UK,2000,25583,2.9270999,,39.099998,,,,28.47661
2,UK,2001,27026,1.820852,,,,,,27.475519
2,UK,2002,28969,1.6344579,,,,,,26.990379
2,UK,2003,29609,2.9136319,,,,,,26.59016
3,Austria,1960,1796,,48.126095,48.700001,,,,
3,Austria,1961,1899,3.5422561,46.525959,,,,,
3,Austria,1962,1977,4.3817849,47.171013,,,,,
3,Austria,1963,2074,2.70877,47.977253,,,,,
3,Austria,1964,2224,3.868571,48.415096,,,,,
3,Austria,1965,2336,4.9309111,49.6133,47.599998,,,,
3,Austria,1966,2537,2.2058821,50.31641,,,,,
3,Austria,1967,2668,3.9749999,49.683853,,,,,
3,Austria,1968,2908,2.773103,50.410915,,,,,
3,Austria,1969,3239,3.0804019,54.232513,,,,,
3,Austria,1970,3732,4.3728251,59.711964,46.5,,,,
3,Austria,1971,4100,4.7042618,59.185368,,,,,41.21851
3,Austria,1972,4513,6.3620629,59.090919,,,,,41.525631
3,Austria,1973,4969,7.5240822,59.262428,,,,,42.23682
3,Austria,1974,5622,9.5217915,64.811729,,,,,42.260269
3,Austria,1975,6147,8.4452553,61.598152,45.599998,,,,40.128139
3,Austria,1976,6810,7.3186889,65.170868,,,,,39.3979
3,Austria,1977,7588,5.4749999,65.209686,,,,,39.05883
3,Austria,1978,8117,3.579047,64.740669,,,,,39.235649
3,Austria,1979,9288,3.707094,69.698715,,,,,38.1772
3,Austria,1980,10312,6.3253899,73.995857,61.799999,0.26337999,0.31104001,26.642,38.09647
3,Austria,1981,11242,6.8068619,76.079674,,,,,37.830849
3,Austria,1982,12148,5.440414,71.684555,,,,,36.904591
3,Austria,1983,13048,3.335381,70.534111,,,,,36.410431
3,Austria,1984,13533,5.6648641,75.512695,,,,,35.23595
3,Austria,1985,14296,3.1896939,79.065735,60,,,,35.582439
3,Austria,1986,14921,1.7009211,70.925285,,,,,35.291531
3,Austria,1987,15549,1.4,69.633995,,,,,34.791962
3,Austria,1988,16595,1.931295,74.935471,,,,,34.583389
3,Austria,1989,17768,2.5638959,78.906845,,,,,34.11145
3,Austria,1990,19070,3.2623219,79.029663,57.900002,,,,34.110531
3,Austria,1991,20172,3.334348,78.769096,,,,,33.98061
3,Austria,1992,20960,4.0297632,76.002907,,,,,33.033249
3,Austria,1993,21220,3.6258061,73.35833,,,,,32.18623
3,Austria,1994,22139,2.959065,75.149643,,,,,32.138279
3,Austria,1995,22976,2.2500999,77.784943,55.700001,,,,32.44965
3,Austria,1996,24008,1.843557,80.743919,,,,,32.29562
3,Austria,1997,24472,1.325,85.257927,,,,,32.726978
3,Austria,1998,25314,0.90467972,,,,,,32.84259
3,Austria,1999,26558,0.56239301,,,,,,32.900028
3,Austria,2000,28359,2.350462,,55,,,,32.774849
3,Austria,2001,28855,2.6599619,,,,,,32.168598
3,Austria,2002,29942,1.810212,,,,,,31.984779
3,Austria,2003,30796,1.3634191,,,,,,31.737129
4,Belgium,1960,1782,,77.341782,27.1,,,,
4,Belgium,1961,1883,0.98314607,80.016273,,,,,
4,Belgium,1962,2018,1.404729,82.437759,,,,,
4,Belgium,1963,2122,2.1533401,85.66539,,,,,
4,Belgium,1964,2288,4.1756182,86.620453,,,,,
4,Belgium,1965,2414,4.0598021,85.261909,28.5,,,,
4,Belgium,1966,2559,4.173892,89.370125,,,,,
4,Belgium,1967,2719,2.912852,86.239647,,,,,
4,Belgium,1968,2958,2.7033269,90.623016,,,,,
4,Belgium,1969,3308,3.7457819,97.949638,,,,,
4,Belgium,1970,3797,3.9141281,100.42813,28.700001,,,,
4,Belgium,1971,4129,4.3405681,97.975098,,,,,42.50227
4,Belgium,1972,4512,5.4475002,97.54892,,,,,41.944149
4,Belgium,1973,5039,6.9552779,107.77507,,,,,42.515091
4,Belgium,1974,5707,12.67789,120.51753,,,,,43.293011
4,Belgium,1975,6146,12.7682,104.77955,30.299999,,,,40.01701
4,Belgium,1976,6854,9.1587,110.8381,,,,,40.133949
4,Belgium,1977,7326,7.1108479,109.5376,,,,,39.495281
4,Belgium,1978,8056,4.4705949,105.68562,,,,,38.45702
4,Belgium,1979,8921,4.4690838,116.28985,,,,,38.20924
4,Belgium,1980,10156,6.6509752,117.16876,31.6,0.26864001,0.28246,21.875999,36.84375
4,Belgium,1981,11079,7.628274,126.35263,,,,,34.465172
4,Belgium,1982,11827,8.7258511,134.42366,,,,,34.4062
4,Belgium,1983,12334,7.6633701,137.18913,,,,,34.140591
4,Belgium,1984,13113,6.347517,146.64285,,,,,33.48085
4,Belgium,1985,13735,4.8676758,140.55513,32.599998,,,,34.213501
4,Belgium,1986,14292,1.295501,126.71104,,,,,33.229149
4,Belgium,1987,15013,1.5544831,122.64662,,,,,32.101799
4,Belgium,1988,16209,1.162051,129.20561,,,,,32.88089
4,Belgium,1989,17345,3.1054499,138.38467,,,,,33.229431
4,Belgium,1990,18526,3.4528229,134.00658,32.599998,,,,32.664299
4,Belgium,1991,19453,3.2085519,130.8264,,,,,30.661619
4,Belgium,1992,20123,2.429914,126.43597,,,,,30.110929
4,Belgium,1993,20308,2.753963,120.23799,,,,,28.998671
4,Belgium,1994,21340,2.377799,125.53788,,,,,28.923639
4,Belgium,1995,22248,1.466814,129.36067,30.5,,,,29.53443
4,Belgium,1996,22687,2.058919,131.87495,,,,,29.14131
4,Belgium,1997,23416,1.627459,141.31438,,,,,29.257811
4,Belgium,1998,24164,0.95362258,149.6824,,,,,28.63953
4,Belgium,1999,24792,1.119242,,,,,,27.95392
4,Belgium,2000,26631,2.5462461,,28,,,,28.08952
4,Belgium,2001,28001,2.4712729,,,,,,27.25738
4,Belgium,2002,29330,1.643454,,,,,,27.01092
4,Belgium,2003,30082,1.5913121,,,,,,26.484779
5,Denmark,1960,2329,,65.782196,46.099998,,,,
5,Denmark,1961,2485,3.4516289,61.540672,,,,,
5,Denmark,1962,2665,7.37782,60.337379,,,,,
5,Denmark,1963,2700,6.1050329,60.416042,,,,,
5,Denmark,1964,2980,3.092783,61.678101,,,,,
5,Denmark,1965,3177,5.4499998,61.388741,45.5,,,,
5,Denmark,1966,3377,7.06496,59.872742,,,,,
5,Denmark,1967,3580,8.2078533,57.854729,,,,,
5,Denmark,1968,3892,7.9536152,57.879894,,,,,
5,Denmark,1969,4352,3.487931,58.468327,,,,,
5,Denmark,1970,4541,6.5148368,60.321808,44.5,,,,
5,Denmark,1971,4858,5.8698769,58.494747,,,,,31.78034
5,Denmark,1972,5262,6.5623479,54.942623,,,,,31.531469
5,Denmark,1973,5719,9.3033886,60.465103,,,,,30.284731
5,Denmark,1974,6121,15.2752,68.138985,,,,,29.58704
5,Denmark,1975,6565,9.6056137,62.650646,44.900002,,,,29.250561
5,Denmark,1976,7371,9,63.949295,,,,,28.24987
5,Denmark,1977,7901,11.13914,62.842953,,,,,28.02203
5,Denmark,1978,8585,10.00894,59.208858,,,,,27.56307
5,Denmark,1979,9566,9.6110554,62.885948,,,,,26.88064
5,Denmark,1980,10362,12.30532,68.160645,43.400002,0.29344001,0.33284,22.217999,28.233141
5,Denmark,1981,11106,11.79159,74.18737,,,,,26.577101
5,Denmark,1982,12115,10.08994,74.134293,,,,,26.75725
5,Denmark,1983,12822,6.9073091,72.488731,,,,,26.989759
5,Denmark,1984,13777,6.3220792,73.978584,,,,,27.290581
5,Denmark,1985,14698,4.652379,74.850471,42.5,,,,27.62063
5,Denmark,1986,15608,3.7212789,66.168907,,,,,28.24608
5,Denmark,1987,16024,3.9850709,62.581482,,,,,27.91802
5,Denmark,1988,16766,4.5501909,63.532341,,,,,27.08609
5,Denmark,1989,17418,4.7840528,67.066689,,,,,27.020679
5,Denmark,1990,18237,2.6527159,66.584679,49.900002,,,,26.544291
5,Denmark,1991,19070,2.36796,68.532112,,,,,26.169559
5,Denmark,1992,19829,2.1019809,66.430893,,,,,26.345341
5,Denmark,1993,20199,1.250985,63.976089,,,,,25.190121
5,Denmark,1994,21691,1.994357,65.612671,,,,,25.311541
5,Denmark,1995,22693,2.0984361,66.717857,47,,,,25.757509
5,Denmark,1996,23781,2.1113601,66.073807,,,,,25.95113
5,Denmark,1997,24878,2.195791,68.587067,,,,,26.045151
5,Denmark,1998,25669,1.853178,,,,,,26.000641
5,Denmark,1999,27113,2.4786849,,,,,,26.2223
5,Denmark,2000,28798,2.9247789,,46.5,,,,27.18491
5,Denmark,2001,29837,2.3499999,,,,,,26.28203
5,Denmark,2002,30318,2.4263151,,,,,,26.400669
5,Denmark,2003,30853,2.09062,,,,,,26.40539
6,France,1960,1858,,26.919622,25.700001,,,,
6,France,1961,1959,2.414562,26.21155,,,,,
6,France,1962,2099,5.2472501,24.89856,,,,,
6,France,1963,2205,4.9396901,25.005909,,,,,
6,France,1964,2367,3.2293379,25.622961,,,,,
6,France,1965,2526,2.71474,25.749504,25.799999,,,,
6,France,1966,2728,2.5707209,26.475941,,,,,
6,France,1967,2915,2.8183191,26.188457,,,,,
6,France,1968,3163,4.5521288,26.57132,,,,,
6,France,1969,3531,6.0393262,28.73958,,,,,
6,France,1970,3857,5.8454752,31.085831,26,,,,
6,France,1971,4203,5.3975139,31.760962,,,,,38.649269
6,France,1972,4535,6.063004,32.391918,,,,,38.697899
6,France,1973,5008,7.3805971,34.279339,,,,,37.94067
6,France,1974,5594,13.64932,42.390965,,,,,37.567768
6,France,1975,6077,11.68593,36.927505,26.799999,,,,37.66209
6,France,1976,6673,9.625493,39.892372,,,,,37.490768
6,France,1977,7292,9.4945564,40.849865,,,,,36.88102
6,France,1978,8031,9.2505589,39.488529,,,,,36.230061
6,France,1979,8948,10.64674,41.879051,,,,,35.840729
6,France,1980,9891,13.53911,44.269318,34.5,0.27805999,0.32870001,27.236,36.0303
6,France,1981,10929,13.33333,46.10194,,,,,35.172989
6,France,1982,11869,11.97848,45.501305,,,,,34.09864
6,France,1983,12518,9.459548,45.127838,,,,,33.51458
6,France,1984,13145,7.6738029,47.646427,,,,,33.121159
6,France,1985,13746,5.831099,47.159176,36.299999,,,,32.787128
6,France,1986,14308,2.538527,41.344673,,,,,31.803949
6,France,1987,14940,3.288898,41.144371,,,,,30.94018
6,France,1988,16040,2.7008171,42.526455,,,,,30.74395
6,France,1989,17193,3.498302,45.686443,,,,,30.22196
6,France,1990,18244,3.3800571,45.130569,36.900002,,,,29.69998
6,France,1991,19021,3.2169349,45.04747,,,,,29.520161
6,France,1992,19746,2.3657651,44.026119,,,,,29.157129
6,France,1993,19920,2.10601,41.841209,,,,,27.45125
6,France,1994,20695,1.6608731,43.401379,,,,,27.18095
6,France,1995,21545,1.778116,44.69141,37.299999,,,,27.2759
6,France,1996,22288,2.0083621,45.604462,,,,,26.606609
6,France,1997,23370,1.200322,49.360401,,,,,26.041229
6,France,1998,24412,0.67259711,,,,,,25.945641
6,France,1999,25111,0.5,,,,,,25.49264
6,France,2000,26690,1.691542,,37.299999,,,,25.48119
6,France,2001,28043,1.6634049,,,,,,25.501699
6,France,2002,28829,1.9249279,,,,,,25.308121
6,France,2003,29210,2.1010389,,,,,,24.47357
7,West Germany,1960,2284,,35.459682,61,,,,44.987244
7,West Germany,1961,2388,2.5157232,33.836784,,,,,
7,West Germany,1962,2527,2.7607362,33.466377,,,,,
7,West Germany,1963,2610,2.9850745,34.160629,,,,,
7,West Germany,1964,2806,2.3188405,34.566139,,,,,
7,West Germany,1965,3005,3.3994334,35.816799,58.900002,,,,
7,West Germany,1966,3168,3.5616438,36.628227,,,,,
7,West Germany,1967,3241,1.5873016,37.226662,,,,,
7,West Germany,1968,3571,1.0416666,39.09016,,,,,
7,West Germany,1969,3998,2.0618556,40.571236,,,,,
7,West Germany,1970,4367,3.2828283,40.318378,57,,,,38.217014
7,West Germany,1971,4686,5.1344743,39.739914,,,,,48.001259
7,West Germany,1972,5055,5.3488374,39.230003,,,,,46.946892
7,West Germany,1973,5553,6.843267,40.75988,,,,,46.534359
7,West Germany,1974,6074,6.818182,48.393688,,,,,45.70887
7,West Germany,1975,6603,5.9961314,46.457829,46.799999,,,,43.37009
7,West Germany,1976,7367,4.3795619,49.103081,,,,,43.613609
7,West Germany,1977,8090,3.4965036,48.564785,,,,,43.166019
7,West Germany,1978,8928,2.5337837,47.071793,,,,,42.96508
7,West Germany,1979,10067,3.7891269,49.485752,,,,,43.08099
7,West Germany,1980,11083,5.2380953,53.336185,52.5,0.33737999,0.32563999,27.017998,36.04203
7,West Germany,1981,12115,6.3348417,56.67342,,,,,35.423489
7,West Germany,1982,12761,5.3900709,57.341839,,,,,34.778473
7,West Germany,1983,13519,3.2301481,55.482639,,,,,35.085144
7,West Germany,1984,14481,2.3468058,58.791813,,,,,34.51585
7,West Germany,1985,15291,2.0382166,61.519432,58.5,,,,34.851387
7,West Germany,1986,15998,-0.2496879,55.117413,,,,,34.366795
7,West Germany,1987,16679,0.12515645,52.914875,,,,,34.090187
7,West Germany,1988,17786,1.125,53.910343,,,,,33.772335
7,West Germany,1989,18994,2.8430161,57.664852,,,,,33.96273
7,West Germany,1990,20465,2.7644231,58.3615,56.200001,,,,
7,West Germany,1991,21602,3.7426901,,,,,,
7,West Germany,1992,22154,4.0586247,,,,,,
7,West Germany,1993,21878,3.6836402,,,,,,
7,West Germany,1994,22371,2.8213167,,,,,,
7,West Germany,1995,23035,1.6260163,,,,,,
7,West Germany,1996,23742,1.3,,,,,,
7,West Germany,1997,24156,1.7769003,,,,,,
7,West Germany,1998,24931,0.87293887,,,,,,
7,West Germany,1999,25755,0.67307693,,,,,,
7,West Germany,2000,26943,,,,,,,
7,West Germany,2001,27449,,,,,,,
7,West Germany,2002,28348,,,,,,,
7,West Germany,2003,28855,,,,,,,
8,Italy,1960,1620,,26.573429,13.9,,,,
8,Italy,1961,1763,2.702703,26.883282,,,,,
8,Italy,1962,1900,3.9473679,27.117237,,,,,
8,Italy,1963,2021,7.5949368,27.785471,,,,,
8,Italy,1964,2093,5.8823528,26.755199,,,,,
8,Italy,1965,2205,4.4444451,27.677755,14.1,,,,
8,Italy,1966,2400,3.191489,29.030056,,,,,
8,Italy,1967,2624,3.092783,29.300257,,,,,
8,Italy,1968,2910,2,29.876673,,,,,
8,Italy,1969,3227,1.960784,31.844769,,,,,
8,Italy,1970,3602,4.807693,32.854187,17.5,,,,
8,Italy,1971,3834,5.5045872,33.224659,,,,,40.38538
8,Italy,1972,4101,5.217391,34.73354,,,,,39.51487
8,Italy,1973,4594,10.7438,36.741856,,,,,40.68504
8,Italy,1974,5240,19.402981,44.558479,,,,,42.32259
8,Italy,1975,5601,16.875,41.324772,18.6,,,,41.31369
8,Italy,1976,6288,16.577539,45.425701,,,,,42.21162
8,Italy,1977,6821,17.43119,45.851334,,,,,41.67762
8,Italy,1978,7542,12.10938,45.114742,,,,,41.045071
8,Italy,1979,8594,14.63415,47.706306,,,,,40.675709
8,Italy,1980,9643,21.2766,46.654396,29.200001,0.37278,0.32451999,26.728001,40.379559
8,Italy,1981,10593,17.794491,48.836246,,,,,39.038651
8,Italy,1982,11275,16.38298,47.112198,,,,,38.13298
8,Italy,1983,11812,14.62523,43.484116,,,,,36.95853
8,Italy,1984,12543,10.84529,45.805889,,,,,36.528419
8,Italy,1985,13285,9.2086334,46.108475,30.299999,,,,36.099941
8,Italy,1986,13896,5.797101,38.941029,,,,,34.896999
8,Italy,1987,14688,4.732254,38.368252,,,,,34.578098
8,Italy,1988,15784,5.1129608,37.962685,,,,,34.441071
8,Italy,1989,16875,6.2217188,40.167339,,,,,34.55434
8,Italy,1990,17946,6.496273,40.0452,31.5,,,,33.897999
8,Italy,1991,18845,6.3000002,37.988586,,,,,32.910801
8,Italy,1992,19367,5.0799618,39.345406,,,,,32.388691
8,Italy,1993,19778,4.4762759,42.431316,,,,,31.35425
8,Italy,1994,20577,4.027421,45.074287,,,,,31.301359
8,Italy,1995,21532,5.2443709,51.247398,32.400002,,,,31.501289
8,Italy,1996,22235,3.974524,48.172119,,,,,30.502131
8,Italy,1997,22810,2.0431061,50.315632,,,,,30.06423
8,Italy,1998,23840,1.96294,,,,,,29.91003
8,Italy,1999,24402,1.655629,,,,,,29.311411
8,Italy,2000,25759,2.5376871,,32,,,,29.04274
8,Italy,2001,26586,2.785166,,,,,,28.742929
8,Italy,2002,27320,2.4653201,,,,,,28.28014
8,Italy,2003,27537,2.672559,,,,,,27.804819
9,Netherlands,1960,2113,,90.887093,11.1,,,,
9,Netherlands,1961,2111,1.732093,88.212914,,,,,
9,Netherlands,1962,2275,2.2860379,86.703773,,,,,
9,Netherlands,1963,2360,3.343184,87.91217,,,,,
9,Netherlands,1964,2566,5.790884,86.539818,,,,,
9,Netherlands,1965,2739,5.794898,83.929771,13.6,,,,
9,Netherlands,1966,2874,5.7968702,82.381424,,,,,
9,Netherlands,1967,3078,3.486793,79.591179,,,,,
9,Netherlands,1968,3399,3.6756129,79.654465,,,,,
9,Netherlands,1969,3951,7.4282498,82.784653,,,,,
9,Netherlands,1970,4342,3.6799369,88.73793,45.799999,,,,
9,Netherlands,1971,4705,7.4775801,88.536026,,,,,37.20113
9,Netherlands,1972,4984,7.79175,84.717201,,,,,36.960201
9,Netherlands,1973,5475,8.0135193,88.922119,,,,,36.77002
9,Netherlands,1974,6165,9.6093674,102.14023,,,,,36.934269
9,Netherlands,1975,6699,10.21273,93.638176,44.299999,,,,35.57053
9,Netherlands,1976,7345,9.0574865,95.766205,,,,,35.763512
9,Netherlands,1977,7959,6.474103,91.196617,,,,,35.207821
9,Netherlands,1978,8676,4.0800171,87.713753,,,,,34.131889
9,Netherlands,1979,9504,4.210454,96.286804,,,,,34.084469
9,Netherlands,1980,10458,6.7333202,102.65746,44.099998,0.29368001,0.30778,21.84,34.517979
9,Netherlands,1981,11304,6.748466,109.61195,,,,,34.746471
9,Netherlands,1982,11784,5.8620691,107.3393,,,,,34.068932
9,Netherlands,1983,12419,2.823019,106.94978,,,,,33.90657
9,Netherlands,1984,13234,3.273495,114.40473,,,,,34.551781
9,Netherlands,1985,13938,2.2239261,116.79983,44.700001,,,,34.86816
9,Netherlands,1986,14613,0.100025,97.608826,,,,,32.419331
9,Netherlands,1987,15197,-0.70780247,96.81971,,,,,30.761841
9,Netherlands,1988,16082,0.7463938,101.08154,,,,,30.96866
9,Netherlands,1989,17387,1.0821609,106.49139,,,,,30.665979
9,Netherlands,1990,18665,3.2854691,103.68212,45.400002,,,,30.71949
9,Netherlands,1991,19626,3.133333,103.30096,,,,,30.41988
9,Netherlands,1992,20224,3.1835811,99.637871,,,,,29.345671
9,Netherlands,1993,20679,2.584182,94.706429,,,,,28.654131
9,Netherlands,1994,21588,2.801527,95.985481,,,,,28.54458
9,Netherlands,1995,22585,2.0952821,99.495033,46.299999,,,,28.746229
9,Netherlands,1996,23531,2.0166669,101.01143,,,,,28.43318
9,Netherlands,1997,24692,2.1565101,104.89993,,,,,27.830151
9,Netherlands,1998,25811,1.983048,,,,,,27.106001
9,Netherlands,1999,26654,2.211071,,,,,,26.31304
9,Netherlands,2000,28467,2.5237801,,45.400002,,,,26.798981
9,Netherlands,2001,30359,4.5342312,,,,,,26.62816
9,Netherlands,2002,31284,3.467068,,,,,,25.827681
9,Netherlands,2003,31792,2.11464,,,,,,
10,Norway,1960,1713,,73.680962,21.299999,,,,
10,Norway,1961,1823,2.451108,72.139977,,,,,
10,Norway,1962,1905,5.2685161,69.344788,,,,,
10,Norway,1963,1991,2.5870409,70.439796,,,,,
10,Norway,1964,2112,5.679944,71.781082,,,,,
10,Norway,1965,2268,4.2595901,71.817253,22.4,,,,
10,Norway,1966,2417,3.2513371,72.533798,,,,,
10,Norway,1967,2620,4.4333949,74.773056,,,,,
10,Norway,1968,2784,3.471534,73.59362,,,,,
10,Norway,1969,3035,3.0674851,72.030357,,,,,
10,Norway,1970,3213,10.56548,74.139931,31.1,,,,
10,Norway,1971,3523,6.2584119,73.002907,,,,,31.944679
10,Norway,1972,3814,7.219759,70.428383,,,,,32.230431
10,Norway,1973,4138,7.44241,76.504845,,,,,32.272209
10,Norway,1974,4728,9.4145136,83.27903,,,,,33.086529
10,Norway,1975,5458,11.70707,78.767204,34.799999,,,,34.624119
10,Norway,1976,6116,9.1757565,79.932335,,,,,34.209702
10,Norway,1977,6742,9.0431557,78.699829,,,,,34.076401
10,Norway,1978,7412,8.1515064,72.255005,,,,,35.433521
10,Norway,1979,8354,4.7598252,77.273743,,,,,38.279739
10,Norway,1980,9557,10.89621,80.330162,39.299999,0.33695999,0.37417999,31.594,40.388729
10,Norway,1981,10548,13.63705,79.648895,,,,,40.68092
10,Norway,1982,11205,11.37206,78.188873,,,,,40.848209
10,Norway,1983,12022,8.4110479,76.31546,,,,,42.04797
10,Norway,1984,13220,6.279108,77.480171,,,,,43.46854
10,Norway,1985,14354,5.6658239,78.744705,41,,,,42.852852
10,Norway,1986,15184,7.1867681,72.853569,,,,,36.27047
10,Norway,1987,15823,8.7259321,67.695114,,,,,35.806919
10,Norway,1988,16299,6.6984839,67.400887,,,,,34.0042
10,Norway,1989,17043,4.5554419,73.293633,,,,,35.525398
10,Norway,1990,18004,4.1130328,74.734642,69.599998,,,,35.660439
10,Norway,1991,19212,3.4206829,72.622849,,,,,34.552021
10,Norway,1992,20185,2.3421161,69.547249,,,,,34.170551
10,Norway,1993,21088,2.2714889,70.125801,,,,,33.764042
10,Norway,1994,22534,1.398555,70.586227,,,,,34.258579
10,Norway,1995,23874,2.4564049,70.103203,66.699997,,,,35.352779
10,Norway,1996,26263,1.2586941,72.619583,,,,,37.7201
10,Norway,1997,27776,2.5807409,75.462173,,,,,38.262901
10,Norway,1998,27294,2.255686,74.282089,,,,,33.82029
10,Norway,1999,30011,2.3331389,,,,,,35.71146
10,Norway,2000,36273,3.0860679,,62.5,,,,42.95295
10,Norway,2001,37078,3.0173781,,,,,,40.874199
10,Norway,2002,36617,1.288146,,,,,,37.908371
10,Norway,2003,37245,2.4753971,,,,,,37.516239
12,Switzerland,1960,3387,,53.253502,21.799999,,,,
12,Switzerland,1961,3625,1.845371,54.593182,,,,,
12,Switzerland,1962,3788,4.3156161,54.494743,,,,,
12,Switzerland,1963,3946,3.439719,53.69223,,,,,
12,Switzerland,1964,4158,3.0813141,53.660713,,,,,
12,Switzerland,1965,4360,3.4145169,55.158588,22.299999,,,,
12,Switzerland,1966,4575,4.7761312,55.518734,,,,,
12,Switzerland,1967,4790,4.0214782,54.613895,,,,,
12,Switzerland,1968,5138,2.4123509,56.837097,,,,,
12,Switzerland,1969,5645,2.489007,60.69416,,,,,
12,Switzerland,1970,6382,3.6160271,63.589043,38,,,,36.266361
12,Switzerland,1971,6938,6.5730128,60.333889,,,,,35.986961
12,Switzerland,1972,7406,6.660192,58.819286,,,,,35.707561
12,Switzerland,1973,7998,8.7550411,59.547981,,,,,35.428162
12,Switzerland,1974,8800,9.7667475,63.378422,,,,,35.148766
12,Switzerland,1975,8934,6.6964531,56.723125,36.400002,,,,34.776234
12,Switzerland,1976,9368,1.715862,60.432114,,,,,34.496834
12,Switzerland,1977,10240,1.28527,66.902809,,,,,34.217438
12,Switzerland,1978,11003,1.055814,64.06974,,,,,33.938038
12,Switzerland,1979,12189,3.6476431,67.314102,,,,,33.658638
12,Switzerland,1980,13853,4.0220261,72.832115,54.299999,0.33524001,0.33744001,30.963999,32.869999
12,Switzerland,1981,15338,6.4902191,72.369865,,,,,32.689999
12,Switzerland,1982,15963,5.6552119,67.87426,,,,,32.200001
12,Switzerland,1983,16611,2.9676869,68.349434,,,,,31.9
12,Switzerland,1984,17710,2.9112079,72.168221,,,,,31.92
12,Switzerland,1985,18812,3.429986,74.652412,53.599998,,,,32.009998
12,Switzerland,1986,19458,0.74074072,70.621994,,,,,31.889999
12,Switzerland,1987,20120,1.447964,69.582191,,,,,31.459999
12,Switzerland,1988,21334,1.884478,71.420036,,,,,31.610001
12,Switzerland,1989,22965,3.1629641,75.544891,,,,,31.690001
12,Switzerland,1990,24518,5.3787398,72.00161,53.799999,,,,31.34
12,Switzerland,1991,24840,5.8793921,68.58638,,,,,30.790001
12,Switzerland,1992,25141,4.0410762,67.868607,,,,,29.99
12,Switzerland,1993,25427,3.2717969,66.710213,,,,,29.58
12,Switzerland,1994,26031,0.85840708,66.585632,,,,,30.41
12,Switzerland,1995,26485,1.798719,66.157257,54.799999,,,,29.83
12,Switzerland,1996,26394,0.81882441,67.940277,,,,,28.809999
12,Switzerland,1997,27850,0.52150118,75.340652,,,,,28.190001
12,Switzerland,1998,28835,0.0170097,,,,,,27.43
12,Switzerland,1999,28887,0.82482988,,,,,,27.43
12,Switzerland,2000,30461,1.5433919,,55,,,,26.76
12,Switzerland,2001,30806,0.98837209,,,,,,27.35
12,Switzerland,2002,32751,0.64150012,,,,,,26.780001
12,Switzerland,2003,33516,0.6292392,,,,,,26.450001
14,Japan,1960,1010,,20.954344,30.9,,,,
14,Japan,1961,1143,5.404726,20.123087,,,,,
14,Japan,1962,1262,6.7731929,18.671103,,,,,
14,Japan,1963,1374,7.6613798,18.86199,,,,,
14,Japan,1964,1546,3.8381741,19.13273,,,,,
14,Japan,1965,1647,6.5934072,19.600803,36.700001,,,,
14,Japan,1966,1889,5.0796628,19.557243,,,,,
14,Japan,1967,2133,3.977881,19.05209,,,,,
14,Japan,1968,2496,5.3697028,19.074675,,,,,
14,Japan,1969,2917,5.2425919,19.484798,,,,,
14,Japan,1970,3293,7.6732669,20.330492,33,,,,
14,Japan,1971,3575,6.4169722,20.702047,,,,,45.170719
14,Japan,1972,3988,4.8240218,18.85861,,,,,44.578239
14,Japan,1973,4491,11.64593,20.046917,,,,,45.357731
14,Japan,1974,4778,23.15457,27.945053,,,,,43.6329
14,Japan,1975,5300,11.78279,25.552427,38.099998,,,,41.405479
14,Japan,1976,5768,9.3492212,26.312096,,,,,41.4841
14,Japan,1977,6344,8.1587038,24.552519,,,,,40.436939
14,Japan,1978,7084,4.2107978,20.499784,,,,,40.692162
14,Japan,1979,8027,3.730788,24.038239,,,,,40.600471
14,Japan,1980,8931,7.778707,28.280386,39.900002,0.31988001,0.41958001,34.986,41.000149
14,Japan,1981,9986,4.9113078,28.649031,,,,,40.91642
14,Japan,1982,10813,2.7369759,28.356134,,,,,40.320621
14,Japan,1983,11346,1.882329,26.096989,,,,,39.47266
14,Japan,1984,12064,2.27158,27.261158,,,,,39.834511
14,Japan,1985,12978,2.0236919,25.541183,41.900002,,,,39.59441
14,Japan,1986,13590,0.61925489,18.744871,,,,,39.012459
14,Japan,1987,14425,0.125012,17.556202,,,,,38.94236
14,Japan,1988,15862,0.67230117,17.794943,,,,,39.111771
14,Japan,1989,17269,2.2800989,19.78006,,,,,39.04401
14,Japan,1990,18815,3.0594161,20.64731,44.5,,,,39.36253
14,Japan,1991,20055,3.2401121,18.730829,,,,,39.023548
14,Japan,1992,20648,1.72701,17.882681,,,,,37.858841
14,Japan,1993,21122,1.28404,16.311211,,,,,36.380058
14,Japan,1994,21757,0.70620269,16.44124,,,,,34.927731
14,Japan,1995,22551,-0.12673201,17.31402,46.799999,,,,34.21719
14,Japan,1996,23714,0.1353523,19.33235,,,,,33.91785
14,Japan,1997,24478,1.731858,20.999901,,,,,33.713951
14,Japan,1998,24429,0.65603721,21.144987,,,,,32.704552
14,Japan,1999,24709,-0.33825591,,,,,,32.42955
14,Japan,2000,26015,-0.67052978,,47.900002,,,,32.231159
14,Japan,2001,26619,-0.73339438,,,,,,30.96192
14,Japan,2002,27196,-0.91512048,,,,,,30.39852
14,Japan,2003,28071,-0.2541942,,,,,,
16,Greece,1960,707,,21.312531,7.9000001,,,,
16,Greece,1961,1028,1.934236,21.172319,,,,,
16,Greece,1962,1049,-0.37950659,21.926023,,,,,
16,Greece,1963,1188,2.8571429,23.088087,,,,,
16,Greece,1964,1316,0.92592591,23.294668,,,,,
16,Greece,1965,1492,3.119266,24.24564,9.8000002,,,,
16,Greece,1966,1634,4.9822059,24.71656,,,,,
16,Greece,1967,1754,1.6949151,23.642069,,,,,
16,Greece,1968,1967,0.33333331,23.103203,,,,,
16,Greece,1969,2298,2.491694,23.465282,,,,,
16,Greece,1970,2631,2.9173419,23.462626,10.6,,,,
16,Greece,1971,2988,2.992126,23.728756,,,,,36.11808
16,Greece,1972,3383,4.2813449,26.185028,,,,,36.32357
16,Greece,1973,3844,15.54252,32.533947,,,,,36.534939
16,Greece,1974,3907,26.903549,34.340809,,,,,34.111149
16,Greece,1975,4505,13.36667,35.980827,12.9,,,,33.06773
16,Greece,1976,5024,13.31226,35.668255,,,,,33.04417
16,Greece,1977,5417,12.16996,34.588295,,,,,33.730728
16,Greece,1978,6138,12.53253,34.652,,,,,32.863369
16,Greece,1979,6781,19.04615,35.082428,,,,,34.108978
16,Greece,1980,7374,24.874809,38.590443,19.700001,0.26565999,0.34257999,24.002001,32.9426
16,Greece,1981,7870,24.45896,39.115353,,,,,32.571678
16,Greece,1982,8204,20.91898,38.697323,,,,,30.660641
16,Greece,1983,8388,20.241671,40.974976,,,,,31.3106
16,Greece,1984,8834,18.448959,42.330807,,,,,30.461729
16,Greece,1985,9297,19.302561,44.363792,23.700001,,,,30.45694
16,Greece,1986,9525,23.02109,43.68021,,,,,31.09042
16,Greece,1987,9548,16.384951,46.111313,,,,,29.960991
16,Greece,1988,10277,13.52675,44.246845,,,,,29.374809
16,Greece,1989,11036,13.7,45.670357,,,,,28.5359
16,Greece,1990,11405,20.40457,44.881191,28.700001,,,,28.196739
16,Greece,1991,11971,19.472851,43.14999,,,,,26.528021
16,Greece,1992,12198,15.8659,43.44936,,,,,25.66123
16,Greece,1993,12166,14.41449,41.309959,,,,,25.50778
16,Greece,1994,12566,10.92279,40.28257,,,,,24.36351
16,Greece,1995,12991,8.9370565,40.818081,31.799999,,,,23.086691
16,Greece,1996,13418,8.1962194,40.40134,,,,,23.02569
16,Greece,1997,14127,5.5389729,39.684841,,,,,21.59255
16,Greece,1998,14665,4.7662258,,,,,,22.343321
16,Greece,1999,15213,2.6367829,,,,,,22.295839
16,Greece,2000,16272,3.150125,,33.799999,,,,22.828011
16,Greece,2001,17332,3.3749959,,,,,,23.48645
16,Greece,2002,19119,3.6292281,,,,,,23.21043
16,Greece,2003,20479,3.5305569,,,,,,23.830009
18,Portugal,1960,728,,37.353939,3.5,,,,
18,Portugal,1961,783,1.5490021,39.982895,,,,,
18,Portugal,1962,848,2.662071,38.321789,,,,,
18,Portugal,1963,905,2.0215731,39.377365,,,,,
18,Portugal,1964,979,3.4000001,50.419785,,,,,
18,Portugal,1965,1084,3.4816251,52.902737,3.9000001,,,,
18,Portugal,1966,1170,5.0467291,52.805916,,,,,
18,Portugal,1967,1293,5.5160141,51.549599,,,,,
18,Portugal,1968,1475,6.070827,49.794838,,,,,
18,Portugal,1969,1592,7.4025121,48.176414,,,,,
18,Portugal,1970,1916,4.5333328,50.211582,6.8000002,,,,
18,Portugal,1971,2153,7.4960752,51.907047,,,,,35.13776
18,Portugal,1972,2420,8.94487,53.733257,,,,,35.945591
18,Portugal,1973,2845,10.35523,54.887608,,,,,35.963459
18,Portugal,1974,3048,27.96842,62.633427,,,,,37.544479
18,Portugal,1975,3045,20.408159,48.222168,9.6000004,,,,35.211498
18,Portugal,1976,3407,18.249901,43.775337,,,,,34.72538
18,Portugal,1977,3784,27.191669,47.037315,,,,,34.724171
18,Portugal,1978,4120,22.64299,47.753605,,,,,33.15321
18,Portugal,1979,4663,23.53758,58.929958,,,,,31.947809
18,Portugal,1980,5263,16.691891,62.97908,10.6,0.24082001,0.29798001,26.488001,32.877769
18,Portugal,1981,5812,20.04076,64.510567,,,,,33.93985
18,Portugal,1982,6263,22.730221,64.730942,,,,,33.645222
18,Portugal,1983,6479,25.10564,68.447182,,,,,34.496078
18,Portugal,1984,6570,28.783331,74.853844,,,,,32.841808
18,Portugal,1985,6959,19.645399,71.509995,13.7,,,,32.822578
18,Portugal,1986,7414,11.76311,62.800735,,,,,30.644541
18,Portugal,1987,8126,9.3431482,69.239014,,,,,30.372629
18,Portugal,1988,9057,9.6970482,73.429176,,,,,32.47451
18,Portugal,1989,10042,12.61655,75.041565,,,,,32.344391
18,Portugal,1990,10894,13.37246,75.17775,14.8,,,,31.71348
18,Portugal,1991,11783,10.92623,69.90818,,,,,30.284439
18,Portugal,1992,12219,8.9416666,65.14225,,,,,30.2792
18,Portugal,1993,12236,6.5019512,62.448689,,,,,29.60257
18,Portugal,1994,12614,5.2143941,65.605721,,,,,30.643669
18,Portugal,1995,13413,4.123148,68.574448,14.7,,,,31.498079
18,Portugal,1996,13974,3.120697,69.221817,,,,,31.741541
18,Portugal,1997,14804,2.161612,71.549889,,,,,31.63949
18,Portugal,1998,15401,2.71644,,,,,,31.13629
18,Portugal,1999,16363,2.3038859,,,,,,30.41585
18,Portugal,2000,17353,2.8467209,,14.9,,,,29.99342
18,Portugal,2001,18071,4.3947568,,,,,,29.39245
18,Portugal,2002,18799,3.5450521,,,,,,28.688181
18,Portugal,2003,17603,3.2833331,,,,,,
19,Spain,1960,1074,,16.249819,3.9000001,,,,
19,Spain,1961,1201,2.005919,17.638802,,,,,
19,Spain,1962,1335,5.6347589,19.606129,,,,,
19,Spain,1963,1467,8.8046274,19.67972,,,,,
19,Spain,1964,1554,6.9501872,21.492392,,,,,
19,Spain,1965,1678,13.23638,22.708794,4.5999999,,,,
19,Spain,1966,1841,6.1941152,23.890324,,,,,
19,Spain,1967,1954,6.4145751,21.74692,,,,,
19,Spain,1968,2160,4.963315,24.657402,,,,,
19,Spain,1969,2447,2.1244521,26.033092,,,,,
19,Spain,1970,2715,5.757617,27.450756,5.8000002,,,,
19,Spain,1971,2951,8.2360411,27.574125,,,,,40.667221
19,Spain,1972,3293,8.2893658,28.926592,,,,,41.693291
19,Spain,1973,3710,11.39021,29.886894,,,,,42.23267
19,Spain,1974,4227,15.71734,33.602974,,,,,43.172298
19,Spain,1975,4600,16.925659,30.851402,8.1999998,,,,42.083221
19,Spain,1976,4965,17.629311,31.890625,,,,,41.384251
19,Spain,1977,5364,24.52669,30.979395,,,,,40.521809
19,Spain,1978,5761,19.78421,29.520868,,,,,39.432571
19,Spain,1979,6188,15.66901,29.62632,,,,,38.965611
19,Spain,1980,6856,15.54989,33.522945,13.3,0.25176001,0.31323999,24.568001,38.567551
19,Spain,1981,7447,14.55704,37.425205,,,,,37.673019
19,Spain,1982,7957,14.40796,38.388615,,,,,37.06181
19,Spain,1983,8378,12.17745,41.893536,,,,,36.794498
19,Spain,1984,8812,11.27433,43.44701,,,,,35.920799
19,Spain,1985,9259,8.8175268,43.49968,17.6,,,,36.209068
19,Spain,1986,9744,8.7965031,37.577763,,,,,36.654301
19,Spain,1987,10542,5.2462592,38.542778,,,,,36.09407
19,Spain,1988,11434,4.8404789,38.839157,,,,,35.9314
19,Spain,1989,12417,6.7914681,39.452454,,,,,36.218159
19,Spain,1990,13365,6.7179399,37.502689,25.5,,,,35.47665
19,Spain,1991,14152,5.9353271,37.407082,,,,,34.688511
19,Spain,1992,14564,5.925724,38.03965,,,,,32.8619
19,Spain,1993,14699,4.5686359,39.409481,,,,,31.168209
19,Spain,1994,15325,4.7184682,44.396439,,,,,30.55055
19,Spain,1995,16032,4.6747532,47.852901,28.6,,,,30.98291
19,Spain,1996,16720,3.558506,50.073299,,,,,30.45867
19,Spain,1997,17420,1.970708,55.558651,,,,,30.441401
19,Spain,1998,18479,1.833537,57.125301,,,,,30.196671
19,Spain,1999,19817,2.310672,,,,,,29.989201
19,Spain,2000,21074,3.4326141,,30.700001,,,,30.193701
19,Spain,2001,22257,3.5911009,,,,,,29.928841
19,Spain,2002,23756,3.066777,,,,,,29.684759
19,Spain,2003,24812,3.033474,,,,,,29.586519
20,Australia,1960,2373,,31.266439,50.400002,,,,
20,Australia,1961,2346,2.5121319,29.821074,,,,,
20,Australia,1962,2539,-0.278474,30.158545,,,,,
20,Australia,1963,2717,0.53057808,32.055397,,,,,
20,Australia,1964,2873,2.3611109,31.527285,,,,,
20,Australia,1965,2973,3.962008,31.035599,48.900002,,,,
20,Australia,1966,3230,2.975724,29.973152,,,,,
20,Australia,1967,3404,3.1939161,30.114193,,,,,
20,Australia,1968,3788,2.6529109,28.348595,,,,,
20,Australia,1969,4162,2.919359,29.821142,,,,,
20,Australia,1970,4490,3.9060681,28.962433,48.299999,,,,
20,Australia,1971,4677,6.0639958,27.807472,,,,,37.293591
20,Australia,1972,5013,5.8649788,27.70299,,,,,36.80088
20,Australia,1973,5595,9.4659224,29.440403,,,,,35.435848
20,Australia,1974,6024,15.11014,31.638611,,,,,36.886761
20,Australia,1975,6683,15.07196,28.900406,47,,,,37.104549
20,Australia,1976,7140,13.52391,31.207617,,,,,36.665291
20,Australia,1977,7482,12.30024,30.863096,,,,,35.999359
20,Australia,1978,8272,7.9236741,32.151321,,,,,35.652821
20,Australia,1979,9174,9.0900011,34.958309,,,,,35.81057
20,Australia,1980,10203,10.12658,33.861252,47.5,0.31729999,0.31797999,29.695999,37.026699
20,Australia,1981,11513,9.6917448,33.173725,,,,,35.924339
20,Australia,1982,11537,11.14551,31.657738,,,,,34.743671
20,Australia,1983,12300,10.11356,30.678139,,,,,34.825699
20,Australia,1984,13120,3.9501851,34.640999,,,,,35.29966
20,Australia,1985,14019,6.739049,35.246246,48.400002,,,,35.07288
20,Australia,1986,14537,9.0845318,34.7444,,,,,32.777859
20,Australia,1987,15554,8.4887457,34.723438,,,,,31.35881
20,Australia,1988,16524,7.2317719,34.083694,,,,,29.875179
20,Australia,1989,17255,7.5594249,34.358536,,,,,29.960911
20,Australia,1990,17322,7.2722602,34.461769,48.400002,,,,28.966801
20,Australia,1991,17652,3.2226801,35.23764,,,,,28.167999
20,Australia,1992,18496,0.98591548,37.69257,,,,,27.971661
20,Australia,1993,19432,1.81311,38.351791,,,,,28.00918
20,Australia,1994,20583,1.894977,39.71843,,,,,28.139919
20,Australia,1995,21773,4.6381359,40.153259,48.599998,,,,27.82765
20,Australia,1996,22562,2.6124201,39.977379,,,,,27.10232
20,Australia,1997,23649,0.25041741,42.1768,,,,,27.076691
20,Australia,1998,24853,0.85345542,41.36496,,,,,26.283131
20,Australia,1999,26283,1.465428,,,,,,26.190729
20,Australia,2000,27403,4.475183,,43.599998,,,,25.566681
20,Australia,2001,28492,4.3808408,,,,,,25.4391
20,Australia,2002,29819,3.003171,,,,,,25.94952
20,Australia,2003,31273,2.770735,,,,,,
21,New Zealand,1960,2545,,52.548824,58,,,,
21,New Zealand,1961,2659,1.830283,52.944569,,,,,
21,New Zealand,1962,2713,2.696079,48.803684,,,,,
21,New Zealand,1963,2866,1.909308,53.844959,,,,,
21,New Zealand,1964,3001,3.4348171,50.796028,,,,,
21,New Zealand,1965,3224,3.3962259,44.781643,54.299999,,,,
21,New Zealand,1966,3481,2.7737229,45.967167,,,,,
21,New Zealand,1967,3360,6.107955,39.779766,,,,,
21,New Zealand,1968,3489,4.283802,44.663773,,,,,
21,New Zealand,1969,3969,4.8780489,46.908524,,,,,
21,New Zealand,1970,4136,6.548347,48.324024,54.5,,,,
21,New Zealand,1971,4438,10.30303,45.481525,,,,,34.0294
21,New Zealand,1972,4780,6.776557,47.43124,,,,,33.208939
21,New Zealand,1973,5335,8.2332764,49.573406,,,,,32.451801
21,New Zealand,1974,6041,11.25198,55.458515,,,,,35.516602
21,New Zealand,1975,6382,14.52991,54.889248,57.099998,,,,34.529041
21,New Zealand,1976,6748,16.79104,57.889282,,,,,34.712021
21,New Zealand,1977,6867,14.58999,56.796474,,,,,32.954659
21,New Zealand,1978,7301,11.89591,55.041866,,,,,32.50108
21,New Zealand,1979,7915,13.70432,61.897545,,,,,32.65749
21,New Zealand,1980,8656,17.09277,62.086811,46.099998,0.26664001,0.29516,25.521999,32.18576
21,New Zealand,1981,9736,15.34623,62.446667,,,,,34.01445
21,New Zealand,1982,10687,16.1709,62.351555,,,,,34.555931
21,New Zealand,1983,11262,7.35568,61.913372,,,,,33.403709
21,New Zealand,1984,12141,6.2012138,70.573883,,,,,34.58643
21,New Zealand,1985,12556,15.39404,64.612869,46.599998,,,,33.268139
21,New Zealand,1986,13085,13.21782,55.481041,,,,,31.91995
21,New Zealand,1987,13402,15.74115,52.397793,,,,,30.22941
21,New Zealand,1988,13569,6.3751421,50.625256,,,,,28.587429
21,New Zealand,1989,14124,7.490603,53.819305,,,,,29.19099
21,New Zealand,1990,14420,5.506608,54.535011,24.1,,,,27.921921
21,New Zealand,1991,14252,1.670146,56.428131,,,,,27.339199
21,New Zealand,1992,14679,1.0266941,61.140541,,,,,27.11838
21,New Zealand,1993,15605,1.4227639,59.26334,,,,,27.06921
21,New Zealand,1994,16686,2.40481,60.43647,,,,,27.76848
21,New Zealand,1995,17402,3.7398369,58.596111,26.6,,,,26.99032
21,New Zealand,1996,17879,2.298851,57.031071,,,,,26.742161
21,New Zealand,1997,18510,1.174668,57.132099,,,,,26.50679
21,New Zealand,1998,18669,1.2872289,,,,,,25.276569
21,New Zealand,1999,19937,-0.1245951,,,,,,25.51298
21,New Zealand,2000,20789,2.619761,,26.299999,,,,25.291679
21,New Zealand,2001,21825,2.6258211,,,,,,
21,New Zealand,2002,22662,2.6770909,,,,,,
21,New Zealand,2003,23728,1.753576,,,,,,
